gene,both,model-only,tumor-only,total,cancer_type
KRAS,2.0,0.0,1.0,3.0,AMPV
GNAS,1.0,1.0,1.0,3.0,AMPV
CTNND1,2.0,0.0,0.0,2.0,AMPV
CTNNB1,2.0,0.0,0.0,2.0,AMPV
INPPL1,2.0,0.0,0.0,2.0,AMPV
PTEN,2.0,0.0,0.0,2.0,AMPV
CDKN2A,2.0,0.0,0.0,2.0,AMPV
DMD,2.0,0.0,0.0,2.0,AMPV
KIF1A,1.0,0.0,1.0,2.0,AMPV
SMARCA4,1.0,1.0,0.0,2.0,AMPV
EGFR,1.0,0.0,1.0,2.0,AMPV
SPTA1,2.0,0.0,0.0,2.0,AMPV
TBL1XR1,2.0,0.0,0.0,2.0,AMPV
NF1,2.0,0.0,0.0,2.0,AMPV
TERT,0.0,1.0,1.0,2.0,AMPV
KMT2C,0.0,1.0,1.0,2.0,AMPV
TP53,2.0,0.0,0.0,2.0,AMPV
ARID2,2.0,0.0,0.0,2.0,AMPV
ARID1A,2.0,0.0,0.0,2.0,AMPV
APC,2.0,0.0,0.0,2.0,AMPV
GATA6,0.0,1.0,1.0,2.0,AMPV
ZNF217,1.0,0.0,1.0,2.0,AMPV
NIPBL,1.0,0.0,0.0,1.0,AMPV
NSD1,1.0,0.0,0.0,1.0,AMPV
NCOR1,1.0,0.0,0.0,1.0,AMPV
MYH9,1.0,0.0,0.0,1.0,AMPV
MYCN,1.0,0.0,0.0,1.0,AMPV
MYC,1.0,0.0,0.0,1.0,AMPV
MUC6,1.0,0.0,0.0,1.0,AMPV
MSH6,0.0,1.0,0.0,1.0,AMPV
MDM2,0.0,0.0,1.0,1.0,AMPV
NOTCH1,1.0,0.0,0.0,1.0,AMPV
ZFHX3,1.0,0.0,0.0,1.0,AMPV
ZBTB20,1.0,0.0,0.0,1.0,AMPV
TSC1,1.0,0.0,0.0,1.0,AMPV
TRAF3,1.0,0.0,0.0,1.0,AMPV
TLR4,1.0,0.0,0.0,1.0,AMPV
TGFBR2,1.0,0.0,0.0,1.0,AMPV
TBX3,0.0,1.0,0.0,1.0,AMPV
SOX9,0.0,1.0,0.0,1.0,AMPV
MGA,1.0,0.0,0.0,1.0,AMPV
RPL22,1.0,0.0,0.0,1.0,AMPV
RNF43,1.0,0.0,0.0,1.0,AMPV
RBM10,1.0,0.0,0.0,1.0,AMPV
RB1,0.0,0.0,1.0,1.0,AMPV
PTCH1,1.0,0.0,0.0,1.0,AMPV
PLXNB2,1.0,0.0,0.0,1.0,AMPV
PIK3R2,1.0,0.0,0.0,1.0,AMPV
PDS5B,1.0,0.0,0.0,1.0,AMPV
PAX5,0.0,0.0,1.0,1.0,AMPV
SETD2,0.0,1.0,0.0,1.0,AMPV
CHEK2,1.0,0.0,0.0,1.0,AMPV
CHD3,1.0,0.0,0.0,1.0,AMPV
CDK5,0.0,0.0,1.0,1.0,AMPV
CDK4,0.0,0.0,1.0,1.0,AMPV
CCNE1,0.0,0.0,1.0,1.0,AMPV
CCND2,0.0,0.0,1.0,1.0,AMPV
BRCA2,0.0,1.0,0.0,1.0,AMPV
BRAF,1.0,0.0,0.0,1.0,AMPV
KMT2A,1.0,0.0,0.0,1.0,AMPV
B2M,1.0,0.0,0.0,1.0,AMPV
AXIN2,0.0,1.0,0.0,1.0,AMPV
AXIN1,1.0,0.0,0.0,1.0,AMPV
ATR,0.0,0.0,1.0,1.0,AMPV
ASXL2,1.0,0.0,0.0,1.0,AMPV
AR,1.0,0.0,0.0,1.0,AMPV
ACVR2A,1.0,0.0,0.0,1.0,AMPV
ACVR1B,1.0,0.0,0.0,1.0,AMPV
BAP1,1.0,0.0,0.0,1.0,AMPV
MCL1,0.0,0.0,1.0,1.0,AMPV
MAP3K4,1.0,0.0,0.0,1.0,AMPV
MACF1,1.0,0.0,0.0,1.0,AMPV
KMT2D,1.0,0.0,0.0,1.0,AMPV
KMT2B,1.0,0.0,0.0,1.0,AMPV
KLF5,0.0,1.0,0.0,1.0,AMPV
KDM6A,1.0,0.0,0.0,1.0,AMPV
KDM5C,1.0,0.0,0.0,1.0,AMPV
DACH1,0.0,1.0,0.0,1.0,AMPV
GRIN2D,1.0,0.0,0.0,1.0,AMPV
GATA3,1.0,0.0,0.0,1.0,AMPV
GABRA6,1.0,0.0,0.0,1.0,AMPV
FLNA,1.0,0.0,0.0,1.0,AMPV
ESR1,1.0,0.0,0.0,1.0,AMPV
EPHA3,1.0,0.0,0.0,1.0,AMPV
EP300,1.0,0.0,0.0,1.0,AMPV
EGR3,1.0,0.0,0.0,1.0,AMPV
DAZAP1,1.0,0.0,0.0,1.0,AMPV
HUWE1,1.0,0.0,0.0,1.0,AMPV
TERT,7.0,0.0,0.0,7.0,BLCA
FGFR3,3.0,0.0,1.0,4.0,BLCA
TP53,4.0,0.0,0.0,4.0,BLCA
KMT2D,2.0,2.0,0.0,4.0,BLCA
ARID1A,1.0,1.0,1.0,3.0,BLCA
SMARCA4,2.0,0.0,0.0,2.0,BLCA
SOX17,2.0,0.0,0.0,2.0,BLCA
STAG2,1.0,0.0,1.0,2.0,BLCA
CIC,1.0,0.0,1.0,2.0,BLCA
PIK3CA,2.0,0.0,0.0,2.0,BLCA
PTPRC,1.0,0.0,1.0,2.0,BLCA
RASA1,1.0,0.0,1.0,2.0,BLCA
PTPRD,1.0,0.0,1.0,2.0,BLCA
KANSL1,1.0,0.0,1.0,2.0,BLCA
KDM6A,1.0,0.0,1.0,2.0,BLCA
MYC,0.0,0.0,2.0,2.0,BLCA
MACF1,1.0,1.0,0.0,2.0,BLCA
FAT1,1.0,1.0,0.0,2.0,BLCA
KMT2A,1.0,0.0,1.0,2.0,BLCA
ZFP36L2,2.0,0.0,0.0,2.0,BLCA
FLNA,0.0,1.0,1.0,2.0,BLCA
ALK,1.0,0.0,1.0,2.0,BLCA
ASXL1,0.0,0.0,2.0,2.0,BLCA
BAP1,2.0,0.0,0.0,2.0,BLCA
BRCA2,0.0,1.0,1.0,2.0,BLCA
ARID2,0.0,0.0,1.0,1.0,BLCA
ATF7IP,0.0,1.0,0.0,1.0,BLCA
BRCA1,1.0,0.0,0.0,1.0,BLCA
THRAP3,0.0,1.0,0.0,1.0,BLCA
TSC1,1.0,0.0,0.0,1.0,BLCA
USP9X,0.0,1.0,0.0,1.0,BLCA
ZFHX3,0.0,0.0,1.0,1.0,BLCA
ZFP36L1,1.0,0.0,0.0,1.0,BLCA
ZMYM2,1.0,0.0,0.0,1.0,BLCA
EP300,1.0,0.0,0.0,1.0,BLCA
ERBB2,1.0,0.0,0.0,1.0,BLCA
ESR1,0.0,1.0,0.0,1.0,BLCA
FOXQ1,0.0,1.0,0.0,1.0,BLCA
GATA3,0.0,1.0,0.0,1.0,BLCA
GPS2,1.0,0.0,0.0,1.0,BLCA
IRF6,0.0,1.0,0.0,1.0,BLCA
KIT,0.0,1.0,0.0,1.0,BLCA
KMT2B,1.0,0.0,0.0,1.0,BLCA
KMT2C,1.0,0.0,0.0,1.0,BLCA
LZTR1,0.0,1.0,0.0,1.0,BLCA
MET,0.0,0.0,1.0,1.0,BLCA
MGA,1.0,0.0,0.0,1.0,BLCA
MSH6,1.0,0.0,0.0,1.0,BLCA
MUC6,0.0,0.0,1.0,1.0,BLCA
COL5A1,0.0,1.0,0.0,1.0,BLCA
CREBBP,0.0,1.0,0.0,1.0,BLCA
CTCF,0.0,1.0,0.0,1.0,BLCA
CTNNB1,0.0,0.0,1.0,1.0,BLCA
CUL3,1.0,0.0,0.0,1.0,BLCA
DMD,1.0,0.0,0.0,1.0,BLCA
EEF2,0.0,1.0,0.0,1.0,BLCA
ELF3,1.0,0.0,0.0,1.0,BLCA
NF1,1.0,0.0,0.0,1.0,BLCA
NF2,1.0,0.0,0.0,1.0,BLCA
NFE2L2,1.0,0.0,0.0,1.0,BLCA
NIPBL,0.0,0.0,1.0,1.0,BLCA
NOTCH1,0.0,0.0,1.0,1.0,BLCA
NSD1,0.0,1.0,0.0,1.0,BLCA
PDGFRA,0.0,1.0,0.0,1.0,BLCA
PIK3R2,0.0,0.0,1.0,1.0,BLCA
PLCG1,0.0,0.0,1.0,1.0,BLCA
PLXNB2,1.0,0.0,0.0,1.0,BLCA
PMS2,0.0,0.0,1.0,1.0,BLCA
POLQ,1.0,0.0,0.0,1.0,BLCA
PTCH1,0.0,1.0,0.0,1.0,BLCA
PTEN,0.0,1.0,0.0,1.0,BLCA
RAC1,1.0,0.0,0.0,1.0,BLCA
RARA,0.0,0.0,1.0,1.0,BLCA
RHOB,1.0,0.0,0.0,1.0,BLCA
SCAF4,1.0,0.0,0.0,1.0,BLCA
SETBP1,0.0,0.0,1.0,1.0,BLCA
SETD2,0.0,0.0,1.0,1.0,BLCA
CACNA1A,0.0,0.0,1.0,1.0,BLCA
CDK12,1.0,0.0,0.0,1.0,BLCA
CDKN1A,1.0,0.0,0.0,1.0,BLCA
CHD3,1.0,0.0,0.0,1.0,BLCA
CHD8,0.0,0.0,1.0,1.0,BLCA
CHEK2,1.0,0.0,0.0,1.0,BLCA
CNBD1,0.0,0.0,1.0,1.0,BLCA
SF1,1.0,0.0,0.0,1.0,BLCA
SF3B1,0.0,0.0,1.0,1.0,BLCA
SMAD2,0.0,0.0,1.0,1.0,BLCA
SPTAN1,1.0,0.0,0.0,1.0,BLCA
MCL1,3.0,1.0,1.0,5.0,BRCA
KDM6A,3.0,1.0,0.0,4.0,BRCA
PIK3CA,3.0,1.0,0.0,4.0,BRCA
CDH1,3.0,0.0,0.0,3.0,BRCA
MYC,2.0,0.0,1.0,3.0,BRCA
TP53,3.0,0.0,0.0,3.0,BRCA
SMARCA4,2.0,0.0,0.0,2.0,BRCA
SMARCA1,1.0,0.0,1.0,2.0,BRCA
CREBBP,2.0,0.0,0.0,2.0,BRCA
CTNNB1,1.0,1.0,0.0,2.0,BRCA
CTNND1,1.0,1.0,0.0,2.0,BRCA
RBM10,1.0,1.0,0.0,2.0,BRCA
ERBB2,2.0,0.0,0.0,2.0,BRCA
PTEN,2.0,0.0,0.0,2.0,BRCA
FLNA,2.0,0.0,0.0,2.0,BRCA
SPTA1,1.0,1.0,0.0,2.0,BRCA
GRIN2D,1.0,0.0,1.0,2.0,BRCA
IL7R,0.0,1.0,1.0,2.0,BRCA
KIT,1.0,1.0,0.0,2.0,BRCA
NSD1,1.0,1.0,0.0,2.0,BRCA
NOTCH1,1.0,1.0,0.0,2.0,BRCA
MGA,1.0,1.0,0.0,2.0,BRCA
POLQ,2.0,0.0,0.0,2.0,BRCA
APC,1.0,1.0,0.0,2.0,BRCA
ARID1A,0.0,0.0,2.0,2.0,BRCA
ZNF703,0.0,2.0,0.0,2.0,BRCA
ASXL2,2.0,0.0,0.0,2.0,BRCA
ATRX,1.0,0.0,1.0,2.0,BRCA
AXIN2,0.0,0.0,2.0,2.0,BRCA
TNFAIP3,0.0,1.0,0.0,1.0,BRCA
PBRM1,1.0,0.0,0.0,1.0,BRCA
TMSB4X,0.0,1.0,0.0,1.0,BRCA
PHF6,0.0,1.0,0.0,1.0,BRCA
TLR4,0.0,1.0,0.0,1.0,BRCA
PIK3CB,1.0,0.0,0.0,1.0,BRCA
PIK3CG,0.0,1.0,0.0,1.0,BRCA
PIK3R1,0.0,1.0,0.0,1.0,BRCA
ACVR1,1.0,0.0,0.0,1.0,BRCA
PLCB4,1.0,0.0,0.0,1.0,BRCA
PLCG1,1.0,0.0,0.0,1.0,BRCA
PLXNB2,1.0,0.0,0.0,1.0,BRCA
PMS1,1.0,0.0,0.0,1.0,BRCA
ARHGAP35,1.0,0.0,0.0,1.0,BRCA
NUP93,1.0,0.0,0.0,1.0,BRCA
MLH1,0.0,1.0,0.0,1.0,BRCA
MSH2,1.0,0.0,0.0,1.0,BRCA
MSH3,0.0,0.0,1.0,1.0,BRCA
MSH6,1.0,0.0,0.0,1.0,BRCA
MTOR,1.0,0.0,0.0,1.0,BRCA
VHL,0.0,0.0,1.0,1.0,BRCA
MYCN,0.0,1.0,0.0,1.0,BRCA
MYD88,0.0,1.0,0.0,1.0,BRCA
NRAS,1.0,0.0,0.0,1.0,BRCA
NCOR1,0.0,1.0,0.0,1.0,BRCA
NF1,1.0,0.0,0.0,1.0,BRCA
NF2,1.0,0.0,0.0,1.0,BRCA
NFE2L2,1.0,0.0,0.0,1.0,BRCA
NIPBL,1.0,0.0,0.0,1.0,BRCA
TXNIP,1.0,0.0,0.0,1.0,BRCA
NOTCH2,1.0,0.0,0.0,1.0,BRCA
POLE,1.0,0.0,0.0,1.0,BRCA
TSC1,1.0,0.0,0.0,1.0,BRCA
MYH9,1.0,0.0,0.0,1.0,BRCA
AJUBA,0.0,1.0,0.0,1.0,BRCA
SETD2,1.0,0.0,0.0,1.0,BRCA
SF1,1.0,0.0,0.0,1.0,BRCA
SIN3A,0.0,0.0,1.0,1.0,BRCA
SMAD2,1.0,0.0,0.0,1.0,BRCA
ACVR2A,1.0,0.0,0.0,1.0,BRCA
TGIF1,0.0,1.0,0.0,1.0,BRCA
PPM1D,1.0,0.0,0.0,1.0,BRCA
SOX17,0.0,1.0,0.0,1.0,BRCA
TERT,1.0,0.0,0.0,1.0,BRCA
SPOP,1.0,0.0,0.0,1.0,BRCA
TCF12,0.0,1.0,0.0,1.0,BRCA
SPTAN1,1.0,0.0,0.0,1.0,BRCA
STAG2,0.0,1.0,0.0,1.0,BRCA
STK11,0.0,1.0,0.0,1.0,BRCA
TAF1,1.0,0.0,0.0,1.0,BRCA
SMC3,1.0,0.0,0.0,1.0,BRCA
AMER1,1.0,0.0,0.0,1.0,BRCA
PTCH1,0.0,1.0,0.0,1.0,BRCA
PTPN11,0.0,1.0,0.0,1.0,BRCA
PTPRC,0.0,1.0,0.0,1.0,BRCA
PTPRD,1.0,0.0,0.0,1.0,BRCA
RAF1,0.0,1.0,0.0,1.0,BRCA
RASA1,0.0,0.0,1.0,1.0,BRCA
ALK,1.0,0.0,0.0,1.0,BRCA
SCAF4,1.0,0.0,0.0,1.0,BRCA
AKT1,0.0,0.0,1.0,1.0,BRCA
RET,0.0,1.0,0.0,1.0,BRCA
RFC1,1.0,0.0,0.0,1.0,BRCA
RNF111,0.0,1.0,0.0,1.0,BRCA
RNF43,0.0,0.0,1.0,1.0,BRCA
RPS6KA3,0.0,0.0,1.0,1.0,BRCA
RUNX1,1.0,0.0,0.0,1.0,BRCA
RXRA,1.0,0.0,0.0,1.0,BRCA
RB1,0.0,0.0,1.0,1.0,BRCA
BTG2,1.0,0.0,0.0,1.0,BRCA
CARD11,0.0,0.0,1.0,1.0,BRCA
CASP8,1.0,0.0,0.0,1.0,BRCA
CBFB,1.0,0.0,0.0,1.0,BRCA
CDK12,1.0,0.0,0.0,1.0,BRCA
CDK4,1.0,0.0,0.0,1.0,BRCA
CDKN2A,0.0,1.0,0.0,1.0,BRCA
CHD4,1.0,0.0,0.0,1.0,BRCA
CHD8,1.0,0.0,0.0,1.0,BRCA
USP9X,1.0,0.0,0.0,1.0,BRCA
CNBD1,1.0,0.0,0.0,1.0,BRCA
COL5A1,1.0,0.0,0.0,1.0,BRCA
CUL3,0.0,1.0,0.0,1.0,BRCA
DAZAP1,0.0,0.0,1.0,1.0,BRCA
DHX9,0.0,1.0,0.0,1.0,BRCA
DIAPH2,0.0,1.0,0.0,1.0,BRCA
DICER1,1.0,0.0,0.0,1.0,BRCA
DMD,1.0,0.0,0.0,1.0,BRCA
EGFR,0.0,1.0,0.0,1.0,BRCA
CIC,0.0,1.0,0.0,1.0,BRCA
ABL1,0.0,1.0,0.0,1.0,BRCA
XPO1,0.0,0.0,1.0,1.0,BRCA
ZBTB20,0.0,1.0,0.0,1.0,BRCA
ZC3H12A,0.0,1.0,0.0,1.0,BRCA
ZCCHC12,1.0,0.0,0.0,1.0,BRCA
ZFHX3,0.0,0.0,1.0,1.0,BRCA
ZMYM2,1.0,0.0,0.0,1.0,BRCA
ZMYM3,1.0,0.0,0.0,1.0,BRCA
ACVR1B,1.0,0.0,0.0,1.0,BRCA
BRCA2,1.0,0.0,0.0,1.0,BRCA
ASXL1,1.0,0.0,0.0,1.0,BRCA
ATF7IP,0.0,1.0,0.0,1.0,BRCA
ATM,0.0,1.0,0.0,1.0,BRCA
ATR,1.0,0.0,0.0,1.0,BRCA
B2M,1.0,0.0,0.0,1.0,BRCA
BCL2L11,1.0,0.0,0.0,1.0,BRCA
BCOR,1.0,0.0,0.0,1.0,BRCA
BRAF,1.0,0.0,0.0,1.0,BRCA
BRCA1,0.0,0.0,1.0,1.0,BRCA
ARID5B,1.0,0.0,0.0,1.0,BRCA
KEL,0.0,1.0,0.0,1.0,BRCA
KIF1A,0.0,0.0,1.0,1.0,BRCA
KLF5,1.0,0.0,0.0,1.0,BRCA
KMT2A,1.0,0.0,0.0,1.0,BRCA
KMT2B,1.0,0.0,0.0,1.0,BRCA
KMT2C,1.0,0.0,0.0,1.0,BRCA
KMT2D,0.0,1.0,0.0,1.0,BRCA
KRT222,0.0,1.0,0.0,1.0,BRCA
LATS1,0.0,1.0,0.0,1.0,BRCA
EP300,1.0,0.0,0.0,1.0,BRCA
LEMD2,0.0,1.0,0.0,1.0,BRCA
LZTR1,0.0,0.0,1.0,1.0,BRCA
MACF1,1.0,0.0,0.0,1.0,BRCA
MAP2K4,1.0,0.0,0.0,1.0,BRCA
MAP3K1,1.0,0.0,0.0,1.0,BRCA
MAP3K4,0.0,1.0,0.0,1.0,BRCA
MECOM,1.0,0.0,0.0,1.0,BRCA
MED12,1.0,0.0,0.0,1.0,BRCA
MET,0.0,0.0,1.0,1.0,BRCA
LATS2,1.0,0.0,0.0,1.0,BRCA
EPAS1,0.0,1.0,0.0,1.0,BRCA
EPHA2,1.0,0.0,0.0,1.0,BRCA
ERBB3,1.0,0.0,0.0,1.0,BRCA
ERBB4,0.0,0.0,1.0,1.0,BRCA
ESR1,1.0,0.0,0.0,1.0,BRCA
EZH2,0.0,0.0,1.0,1.0,BRCA
FAT1,0.0,1.0,0.0,1.0,BRCA
FGFR1,0.0,1.0,0.0,1.0,BRCA
FGFR2,1.0,0.0,0.0,1.0,BRCA
KANSL1,0.0,1.0,0.0,1.0,BRCA
GABRA6,1.0,0.0,0.0,1.0,BRCA
GATA3,0.0,1.0,0.0,1.0,BRCA
HGF,0.0,1.0,0.0,1.0,BRCA
HUWE1,1.0,0.0,0.0,1.0,BRCA
IDH2,0.0,0.0,1.0,1.0,BRCA
IL6ST,0.0,1.0,0.0,1.0,BRCA
IRF6,1.0,0.0,0.0,1.0,BRCA
JAK1,0.0,0.0,1.0,1.0,BRCA
JAK2,1.0,0.0,0.0,1.0,BRCA
JAK3,1.0,0.0,0.0,1.0,BRCA
FUBP1,1.0,0.0,0.0,1.0,BRCA
CDKN2A,4.0,0.0,0.0,4.0,CHOL
KRAS,3.0,0.0,0.0,3.0,CHOL
TP53,3.0,0.0,0.0,3.0,CHOL
ABL1,1.0,0.0,1.0,2.0,CHOL
FLNA,1.0,0.0,1.0,2.0,CHOL
SMAD4,2.0,0.0,0.0,2.0,CHOL
CDK12,1.0,0.0,1.0,2.0,CHOL
EPHA2,2.0,0.0,0.0,2.0,CHOL
BCOR,1.0,0.0,0.0,1.0,CHOL
ARID1A,1.0,0.0,0.0,1.0,CHOL
ARID2,1.0,0.0,0.0,1.0,CHOL
ATR,1.0,0.0,0.0,1.0,CHOL
BRCA1,1.0,0.0,0.0,1.0,CHOL
CACNA1A,1.0,0.0,0.0,1.0,CHOL
DICER1,1.0,0.0,0.0,1.0,CHOL
DAZAP1,1.0,0.0,0.0,1.0,CHOL
DMD,1.0,0.0,0.0,1.0,CHOL
EP300,0.0,1.0,0.0,1.0,CHOL
ERBB3,1.0,0.0,0.0,1.0,CHOL
DIAPH2,1.0,0.0,0.0,1.0,CHOL
FGFR1,1.0,0.0,0.0,1.0,CHOL
FLT3,1.0,0.0,0.0,1.0,CHOL
HGF,1.0,0.0,0.0,1.0,CHOL
INPPL1,1.0,0.0,0.0,1.0,CHOL
IRF2,1.0,0.0,0.0,1.0,CHOL
BAP1,1.0,0.0,0.0,1.0,CHOL
ASXL2,1.0,0.0,0.0,1.0,CHOL
AR,1.0,0.0,0.0,1.0,CHOL
KDM6A,1.0,0.0,0.0,1.0,CHOL
JAK2,1.0,0.0,0.0,1.0,CHOL
JAK1,1.0,0.0,0.0,1.0,CHOL
KIF1A,1.0,0.0,0.0,1.0,CHOL
KMT2C,1.0,0.0,0.0,1.0,CHOL
KMT2D,1.0,0.0,0.0,1.0,CHOL
KMT2B,1.0,0.0,0.0,1.0,CHOL
KMT2A,1.0,0.0,0.0,1.0,CHOL
MEN1,1.0,0.0,0.0,1.0,CHOL
MYH9,1.0,0.0,0.0,1.0,CHOL
NCOR1,1.0,0.0,0.0,1.0,CHOL
NIPBL,1.0,0.0,0.0,1.0,CHOL
NOTCH2,0.0,1.0,0.0,1.0,CHOL
PDGFRA,1.0,0.0,0.0,1.0,CHOL
MACF1,1.0,0.0,0.0,1.0,CHOL
MED12,1.0,0.0,0.0,1.0,CHOL
PLXNB2,1.0,0.0,0.0,1.0,CHOL
PDS5B,1.0,0.0,0.0,1.0,CHOL
POLE,1.0,0.0,0.0,1.0,CHOL
PSIP1,1.0,0.0,0.0,1.0,CHOL
RET,1.0,0.0,0.0,1.0,CHOL
SCAF4,1.0,0.0,0.0,1.0,CHOL
PTEN,1.0,0.0,0.0,1.0,CHOL
RBM10,1.0,0.0,0.0,1.0,CHOL
SMAD2,0.0,1.0,0.0,1.0,CHOL
SETD2,1.0,0.0,0.0,1.0,CHOL
TCF7L2,1.0,0.0,0.0,1.0,CHOL
TAF1,1.0,0.0,0.0,1.0,CHOL
TERT,1.0,0.0,0.0,1.0,CHOL
TGFBR2,1.0,0.0,0.0,1.0,CHOL
ZC3H12A,1.0,0.0,0.0,1.0,CHOL
ZFP36L2,1.0,0.0,0.0,1.0,CHOL
APC,69.0,2.0,0.0,71.0,COAD
TP53,60.0,3.0,1.0,64.0,COAD
KRAS,31.0,0.0,1.0,32.0,COAD
MYC,15.0,4.0,9.0,28.0,COAD
PIK3CA,16.0,2.0,0.0,18.0,COAD
DMD,12.0,2.0,2.0,16.0,COAD
TERT,12.0,3.0,0.0,15.0,COAD
SMAD4,11.0,1.0,1.0,13.0,COAD
FGFR1,9.0,1.0,3.0,13.0,COAD
TCF7L2,8.0,4.0,0.0,12.0,COAD
GNAS,7.0,4.0,1.0,12.0,COAD
AMER1,11.0,0.0,1.0,12.0,COAD
KMT2D,6.0,4.0,1.0,11.0,COAD
ARID1A,7.0,3.0,1.0,11.0,COAD
EPHA2,10.0,0.0,0.0,10.0,COAD
CREBBP,6.0,3.0,1.0,10.0,COAD
MACF1,7.0,2.0,1.0,10.0,COAD
SPTA1,8.0,2.0,0.0,10.0,COAD
SMARCA4,7.0,2.0,0.0,9.0,COAD
PGR,7.0,2.0,0.0,9.0,COAD
ZFHX3,6.0,1.0,2.0,9.0,COAD
COL5A1,6.0,2.0,1.0,9.0,COAD
SOX9,9.0,0.0,0.0,9.0,COAD
CHD3,6.0,3.0,0.0,9.0,COAD
FBXW7,7.0,0.0,1.0,8.0,COAD
KMT2B,8.0,0.0,0.0,8.0,COAD
MYH9,7.0,0.0,1.0,8.0,COAD
ELF3,7.0,1.0,0.0,8.0,COAD
CHD8,6.0,1.0,0.0,7.0,COAD
ACVR2A,7.0,0.0,0.0,7.0,COAD
ZFP36L2,6.0,1.0,0.0,7.0,COAD
RNF111,6.0,1.0,0.0,7.0,COAD
ATRX,6.0,0.0,1.0,7.0,COAD
ATM,7.0,0.0,0.0,7.0,COAD
FLNA,7.0,0.0,0.0,7.0,COAD
ERBB2,4.0,3.0,0.0,7.0,COAD
SOX17,1.0,4.0,2.0,7.0,COAD
RNF43,6.0,1.0,0.0,7.0,COAD
CACNA1A,6.0,1.0,0.0,7.0,COAD
CHD4,7.0,0.0,0.0,7.0,COAD
NIPBL,5.0,2.0,0.0,7.0,COAD
TAF1,5.0,1.0,1.0,7.0,COAD
NOTCH1,6.0,1.0,0.0,7.0,COAD
KDM5C,4.0,2.0,0.0,6.0,COAD
EP300,4.0,2.0,0.0,6.0,COAD
KIF1A,5.0,1.0,0.0,6.0,COAD
BRAF,4.0,2.0,0.0,6.0,COAD
BCOR,5.0,0.0,1.0,6.0,COAD
NOTCH2,4.0,1.0,1.0,6.0,COAD
CTNNB1,4.0,2.0,0.0,6.0,COAD
MECOM,4.0,2.0,0.0,6.0,COAD
PIK3CG,4.0,1.0,1.0,6.0,COAD
PIK3CB,3.0,3.0,0.0,6.0,COAD
KMT2A,5.0,0.0,1.0,6.0,COAD
ALK,6.0,0.0,0.0,6.0,COAD
ARID2,5.0,0.0,1.0,6.0,COAD
ASXL1,3.0,2.0,0.0,5.0,COAD
ZBTB7B,4.0,1.0,0.0,5.0,COAD
KMT2C,2.0,3.0,0.0,5.0,COAD
PTCH1,5.0,0.0,0.0,5.0,COAD
PTEN,4.0,0.0,1.0,5.0,COAD
PDS5B,2.0,2.0,1.0,5.0,COAD
JAK2,5.0,0.0,0.0,5.0,COAD
HLA-A,4.0,1.0,0.0,5.0,COAD
HUWE1,5.0,0.0,0.0,5.0,COAD
RB1,1.0,1.0,3.0,5.0,COAD
PTPRC,4.0,1.0,0.0,5.0,COAD
CASP8,4.0,1.0,0.0,5.0,COAD
SMARCB1,5.0,0.0,0.0,5.0,COAD
SCAF4,3.0,2.0,0.0,5.0,COAD
SETD2,4.0,0.0,1.0,5.0,COAD
SF1,4.0,1.0,0.0,5.0,COAD
EZH2,4.0,1.0,0.0,5.0,COAD
FAT1,3.0,1.0,1.0,5.0,COAD
EPAS1,1.0,4.0,0.0,5.0,COAD
MED12,2.0,1.0,1.0,4.0,COAD
MGA,3.0,1.0,0.0,4.0,COAD
MSH3,4.0,0.0,0.0,4.0,COAD
CIC,3.0,1.0,0.0,4.0,COAD
TBX3,3.0,1.0,0.0,4.0,COAD
FUBP1,2.0,1.0,1.0,4.0,COAD
RXRA,4.0,0.0,0.0,4.0,COAD
SETBP1,3.0,1.0,0.0,4.0,COAD
MAP2K4,3.0,0.0,1.0,4.0,COAD
CDKN1A,3.0,0.0,1.0,4.0,COAD
NF1,3.0,1.0,0.0,4.0,COAD
SF3B1,4.0,0.0,0.0,4.0,COAD
HLA-B,3.0,1.0,0.0,4.0,COAD
DAZAP1,3.0,1.0,0.0,4.0,COAD
DIAPH2,4.0,0.0,0.0,4.0,COAD
PLCG1,3.0,0.0,1.0,4.0,COAD
CDK12,4.0,0.0,0.0,4.0,COAD
KDM6A,3.0,1.0,0.0,4.0,COAD
KEL,2.0,1.0,1.0,4.0,COAD
POLE,3.0,1.0,0.0,4.0,COAD
RPL22,4.0,0.0,0.0,4.0,COAD
IGF2,1.0,1.0,2.0,4.0,COAD
IL7R,4.0,0.0,0.0,4.0,COAD
IRF6,2.0,0.0,2.0,4.0,COAD
CSDE1,3.0,1.0,0.0,4.0,COAD
TRAF3,3.0,1.0,0.0,4.0,COAD
TSC1,3.0,1.0,0.0,4.0,COAD
TSC2,3.0,1.0,0.0,4.0,COAD
ZMYM2,3.0,1.0,0.0,4.0,COAD
ALB,3.0,0.0,1.0,4.0,COAD
TET2,2.0,0.0,2.0,4.0,COAD
TGFBR2,3.0,1.0,0.0,4.0,COAD
EPHA3,4.0,0.0,0.0,4.0,COAD
ERBB4,4.0,0.0,0.0,4.0,COAD
ZNF750,1.0,2.0,0.0,3.0,COAD
ARID5B,1.0,2.0,0.0,3.0,COAD
ERBB3,3.0,0.0,0.0,3.0,COAD
SOS1,1.0,2.0,0.0,3.0,COAD
CTCF,2.0,1.0,0.0,3.0,COAD
ACVR1B,2.0,0.0,1.0,3.0,COAD
BAP1,3.0,0.0,0.0,3.0,COAD
BCL2L11,2.0,0.0,1.0,3.0,COAD
INPPL1,2.0,1.0,0.0,3.0,COAD
CDH1,1.0,2.0,0.0,3.0,COAD
PTPN11,2.0,1.0,0.0,3.0,COAD
KLF5,2.0,0.0,1.0,3.0,COAD
POLQ,1.0,2.0,0.0,3.0,COAD
PPM1D,3.0,0.0,0.0,3.0,COAD
PPP2R1A,3.0,0.0,0.0,3.0,COAD
CARD11,3.0,0.0,0.0,3.0,COAD
CUL1,2.0,1.0,0.0,3.0,COAD
PIK3R1,3.0,0.0,0.0,3.0,COAD
PLXNB2,3.0,0.0,0.0,3.0,COAD
SIN3A,3.0,0.0,0.0,3.0,COAD
SMAD2,3.0,0.0,0.0,3.0,COAD
EGFR,2.0,1.0,0.0,3.0,COAD
GRIN2D,2.0,1.0,0.0,3.0,COAD
HGF,2.0,1.0,0.0,3.0,COAD
RHOA,2.0,0.0,1.0,3.0,COAD
PMS1,3.0,0.0,0.0,3.0,COAD
PMS2,3.0,0.0,0.0,3.0,COAD
LATS1,3.0,0.0,0.0,3.0,COAD
MAP2K1,2.0,1.0,0.0,3.0,COAD
NCOR1,2.0,1.0,0.0,3.0,COAD
TBL1XR1,3.0,0.0,0.0,3.0,COAD
GATA3,2.0,1.0,0.0,3.0,COAD
AXIN2,3.0,0.0,0.0,3.0,COAD
RUNX1,2.0,1.0,0.0,3.0,COAD
NUP93,2.0,1.0,0.0,3.0,COAD
PAX5,1.0,2.0,0.0,3.0,COAD
MSH6,3.0,0.0,0.0,3.0,COAD
CNBD1,3.0,0.0,0.0,3.0,COAD
USP9X,2.0,1.0,0.0,3.0,COAD
ZBTB20,3.0,0.0,0.0,3.0,COAD
TGIF1,2.0,0.0,0.0,2.0,COAD
ASXL2,1.0,1.0,0.0,2.0,COAD
ARHGAP35,2.0,0.0,0.0,2.0,COAD
WT1,1.0,1.0,0.0,2.0,COAD
DICER1,1.0,1.0,0.0,2.0,COAD
SMC3,1.0,1.0,0.0,2.0,COAD
MEN1,1.0,1.0,0.0,2.0,COAD
MSH2,1.0,0.0,1.0,2.0,COAD
NFE2L2,2.0,0.0,0.0,2.0,COAD
NSD1,1.0,1.0,0.0,2.0,COAD
NUP133,2.0,0.0,0.0,2.0,COAD
ATXN3,2.0,0.0,0.0,2.0,COAD
B2M,2.0,0.0,0.0,2.0,COAD
PBRM1,2.0,0.0,0.0,2.0,COAD
CDKN2A,1.0,1.0,0.0,2.0,COAD
CHEK2,1.0,1.0,0.0,2.0,COAD
PDGFRA,2.0,0.0,0.0,2.0,COAD
KRT222,2.0,0.0,0.0,2.0,COAD
SMARCA1,1.0,0.0,1.0,2.0,COAD
RHEB,1.0,1.0,0.0,2.0,COAD
IDH2,2.0,0.0,0.0,2.0,COAD
BRCA1,2.0,0.0,0.0,2.0,COAD
BRCA2,2.0,0.0,0.0,2.0,COAD
LEMD2,2.0,0.0,0.0,2.0,COAD
MAP3K1,2.0,0.0,0.0,2.0,COAD
MAP3K4,2.0,0.0,0.0,2.0,COAD
PIM1,0.0,2.0,0.0,2.0,COAD
PTPDC1,2.0,0.0,0.0,2.0,COAD
PTPRD,2.0,0.0,0.0,2.0,COAD
RARA,0.0,2.0,0.0,2.0,COAD
RASA1,1.0,0.0,1.0,2.0,COAD
RET,1.0,0.0,1.0,2.0,COAD
DACH1,1.0,1.0,0.0,2.0,COAD
DHX9,2.0,0.0,0.0,2.0,COAD
PSIP1,2.0,0.0,0.0,2.0,COAD
KIT,2.0,0.0,0.0,2.0,COAD
TCF12,2.0,0.0,0.0,2.0,COAD
ZC3H12A,2.0,0.0,0.0,2.0,COAD
ERCC2,1.0,1.0,0.0,2.0,COAD
ESR1,1.0,1.0,0.0,2.0,COAD
FGFR3,1.0,1.0,0.0,2.0,COAD
AR,1.0,1.0,0.0,2.0,COAD
XPO1,1.0,1.0,0.0,2.0,COAD
ZMYM3,2.0,0.0,0.0,2.0,COAD
ZNF133,1.0,1.0,0.0,2.0,COAD
CTNND1,1.0,1.0,0.0,2.0,COAD
MTOR,2.0,0.0,0.0,2.0,COAD
MUC6,1.0,1.0,0.0,2.0,COAD
MAX,2.0,0.0,0.0,2.0,COAD
UNCX,1.0,0.0,0.0,1.0,COAD
ABL1,0.0,1.0,0.0,1.0,COAD
FGFR2,1.0,0.0,0.0,1.0,COAD
JAK3,1.0,0.0,0.0,1.0,COAD
KANSL1,1.0,0.0,0.0,1.0,COAD
KEAP1,1.0,0.0,0.0,1.0,COAD
CBFB,1.0,0.0,0.0,1.0,COAD
CCND1,1.0,0.0,0.0,1.0,COAD
CD79B,1.0,0.0,0.0,1.0,COAD
PTMA,1.0,0.0,0.0,1.0,COAD
CYSLTR2,1.0,0.0,0.0,1.0,COAD
DDX3X,1.0,0.0,0.0,1.0,COAD
POLRMT,0.0,1.0,0.0,1.0,COAD
PPP6C,1.0,0.0,0.0,1.0,COAD
JAK1,0.0,1.0,0.0,1.0,COAD
RAD21,1.0,0.0,0.0,1.0,COAD
RBM10,1.0,0.0,0.0,1.0,COAD
RFC1,0.0,1.0,0.0,1.0,COAD
LATS2,1.0,0.0,0.0,1.0,COAD
PIK3R2,1.0,0.0,0.0,1.0,COAD
PLCB4,1.0,0.0,0.0,1.0,COAD
CYLD,1.0,0.0,0.0,1.0,COAD
HRAS,1.0,0.0,0.0,1.0,COAD
IDH1,0.0,1.0,0.0,1.0,COAD
IRF2,1.0,0.0,0.0,1.0,COAD
BCL2,1.0,0.0,0.0,1.0,COAD
BTG2,1.0,0.0,0.0,1.0,COAD
DNMT3A,1.0,0.0,0.0,1.0,COAD
EEF1A1,1.0,0.0,0.0,1.0,COAD
EEF2,1.0,0.0,0.0,1.0,COAD
EGR3,1.0,0.0,0.0,1.0,COAD
RPS6KA3,1.0,0.0,0.0,1.0,COAD
SMAD3,0.0,0.0,1.0,1.0,COAD
CDK4,1.0,0.0,0.0,1.0,COAD
CDKN1B,1.0,0.0,0.0,1.0,COAD
PHF6,0.0,1.0,0.0,1.0,COAD
ATF7IP,1.0,0.0,0.0,1.0,COAD
ATR,1.0,0.0,0.0,1.0,COAD
AXIN1,1.0,0.0,0.0,1.0,COAD
SMC1A,1.0,0.0,0.0,1.0,COAD
FOXA1,1.0,0.0,0.0,1.0,COAD
FOXA2,1.0,0.0,0.0,1.0,COAD
MET,1.0,0.0,0.0,1.0,COAD
MGMT,1.0,0.0,0.0,1.0,COAD
MYCN,0.0,1.0,0.0,1.0,COAD
GNA11,1.0,0.0,0.0,1.0,COAD
GNA13,1.0,0.0,0.0,1.0,COAD
GPS2,1.0,0.0,0.0,1.0,COAD
SPOP,1.0,0.0,0.0,1.0,COAD
SPTAN1,1.0,0.0,0.0,1.0,COAD
STK11,1.0,0.0,0.0,1.0,COAD
AKT1,1.0,0.0,0.0,1.0,COAD
ACVR1,1.0,0.0,0.0,1.0,COAD
TLR4,1.0,0.0,0.0,1.0,COAD
ALK,1.0,0.0,0.0,1.0,COTA
APC,1.0,0.0,0.0,1.0,COTA
BRAF,0.0,1.0,0.0,1.0,COTA
CCND2,0.0,1.0,0.0,1.0,COTA
CCNE1,0.0,1.0,0.0,1.0,COTA
CDK5,0.0,1.0,0.0,1.0,COTA
CDK6,0.0,1.0,0.0,1.0,COTA
CHD4,1.0,0.0,0.0,1.0,COTA
EGFR,0.0,1.0,0.0,1.0,COTA
EPHA3,1.0,0.0,0.0,1.0,COTA
IDH1,0.0,1.0,0.0,1.0,COTA
KRAS,1.0,0.0,0.0,1.0,COTA
LZTR1,1.0,0.0,0.0,1.0,COTA
MACF1,0.0,1.0,0.0,1.0,COTA
MYC,1.0,0.0,0.0,1.0,COTA
RB1,0.0,1.0,0.0,1.0,COTA
TERT,1.0,0.0,0.0,1.0,COTA
TP53,1.0,0.0,0.0,1.0,COTA
XPO1,0.0,1.0,0.0,1.0,COTA
ZNF217,1.0,0.0,0.0,1.0,COTA
CHD4,0.0,1.0,0.0,1.0,DCIS
FOXA1,0.0,0.0,1.0,1.0,DCIS
MAP3K1,1.0,0.0,0.0,1.0,DCIS
PIK3CA,1.0,0.0,0.0,1.0,DCIS
PTPRC,0.0,0.0,1.0,1.0,DCIS
RPS6KA3,0.0,1.0,0.0,1.0,DEST
TP53,29.0,1.0,0.0,30.0,ESCA
CDKN2A,9.0,2.0,1.0,12.0,ESCA
EGFR,4.0,0.0,6.0,10.0,ESCA
CDK6,5.0,2.0,2.0,9.0,ESCA
ARID1A,8.0,0.0,1.0,9.0,ESCA
CCND1,4.0,2.0,2.0,8.0,ESCA
TERT,3.0,1.0,4.0,8.0,ESCA
KRAS,6.0,1.0,1.0,8.0,ESCA
SPTA1,6.0,1.0,0.0,7.0,ESCA
MUC6,6.0,1.0,0.0,7.0,ESCA
APC,6.0,0.0,0.0,6.0,ESCA
DMD,2.0,2.0,1.0,5.0,ESCA
GNAS,4.0,1.0,0.0,5.0,ESCA
TLR4,5.0,0.0,0.0,5.0,ESCA
COL5A1,3.0,2.0,0.0,5.0,ESCA
EPHA3,4.0,0.0,0.0,4.0,ESCA
MDM2,3.0,0.0,1.0,4.0,ESCA
SMAD4,3.0,0.0,1.0,4.0,ESCA
SOX2,0.0,0.0,4.0,4.0,ESCA
PIK3CA,4.0,0.0,0.0,4.0,ESCA
ERBB4,3.0,1.0,0.0,4.0,ESCA
RARA,3.0,1.0,0.0,4.0,ESCA
ARID2,3.0,0.0,0.0,3.0,ESCA
GABRA6,3.0,0.0,0.0,3.0,ESCA
SMARCA4,3.0,0.0,0.0,3.0,ESCA
CDK4,2.0,1.0,0.0,3.0,ESCA
CHD4,3.0,0.0,0.0,3.0,ESCA
PLXNB2,1.0,1.0,1.0,3.0,ESCA
MGA,3.0,0.0,0.0,3.0,ESCA
EP300,1.0,1.0,1.0,3.0,ESCA
KMT2B,3.0,0.0,0.0,3.0,ESCA
CACNA1A,3.0,0.0,0.0,3.0,ESCA
POLQ,3.0,0.0,0.0,3.0,ESCA
KMT2C,2.0,0.0,0.0,2.0,ESCA
AR,2.0,0.0,0.0,2.0,ESCA
ATM,1.0,1.0,0.0,2.0,ESCA
CREBBP,1.0,1.0,0.0,2.0,ESCA
CNBD1,1.0,0.0,1.0,2.0,ESCA
STK11,1.0,1.0,0.0,2.0,ESCA
TBX3,2.0,0.0,0.0,2.0,ESCA
CHD8,1.0,1.0,0.0,2.0,ESCA
CIC,2.0,0.0,0.0,2.0,ESCA
ASXL2,2.0,0.0,0.0,2.0,ESCA
ZFP36L2,2.0,0.0,0.0,2.0,ESCA
PTPRC,1.0,1.0,0.0,2.0,ESCA
RPL5,2.0,0.0,0.0,2.0,ESCA
CDKN1B,1.0,1.0,0.0,2.0,ESCA
CDK12,2.0,0.0,0.0,2.0,ESCA
CUL1,1.0,1.0,0.0,2.0,ESCA
SMARCA1,1.0,1.0,0.0,2.0,ESCA
EGR3,1.0,1.0,0.0,2.0,ESCA
DNMT3A,2.0,0.0,0.0,2.0,ESCA
NOTCH1,2.0,0.0,0.0,2.0,ESCA
NSD1,1.0,1.0,0.0,2.0,ESCA
PDGFRA,1.0,1.0,0.0,2.0,ESCA
PBRM1,2.0,0.0,0.0,2.0,ESCA
FGFR3,2.0,0.0,0.0,2.0,ESCA
FOXQ1,2.0,0.0,0.0,2.0,ESCA
EPHA2,2.0,0.0,0.0,2.0,ESCA
DHX9,1.0,0.0,1.0,2.0,ESCA
MACF1,1.0,1.0,0.0,2.0,ESCA
LATS1,1.0,1.0,0.0,2.0,ESCA
KAT6A,1.0,0.0,1.0,2.0,ESCA
INPPL1,1.0,1.0,0.0,2.0,ESCA
CDH1,2.0,0.0,0.0,2.0,ESCA
SETD2,1.0,1.0,0.0,2.0,ESCA
KIF1A,1.0,1.0,0.0,2.0,ESCA
JAK1,1.0,0.0,1.0,2.0,ESCA
KMT2A,2.0,0.0,0.0,2.0,ESCA
TSC2,1.0,1.0,0.0,2.0,ESCA
ALK,0.0,0.0,2.0,2.0,ESCA
ZCCHC12,1.0,1.0,0.0,2.0,ESCA
AMER1,0.0,0.0,2.0,2.0,ESCA
ATRX,1.0,1.0,0.0,2.0,ESCA
AXIN2,1.0,1.0,0.0,2.0,ESCA
BRCA1,1.0,1.0,0.0,2.0,ESCA
ZNF750,1.0,0.0,0.0,1.0,ESCA
ARAF,1.0,0.0,0.0,1.0,ESCA
BRD7,1.0,0.0,0.0,1.0,ESCA
CARD11,1.0,0.0,0.0,1.0,ESCA
CBFB,1.0,0.0,0.0,1.0,ESCA
CD44,1.0,0.0,0.0,1.0,ESCA
ATXN3,1.0,0.0,0.0,1.0,ESCA
BAP1,0.0,0.0,1.0,1.0,ESCA
BCL2,0.0,1.0,0.0,1.0,ESCA
BCOR,1.0,0.0,0.0,1.0,ESCA
KDM6A,1.0,0.0,0.0,1.0,ESCA
KEAP1,0.0,1.0,0.0,1.0,ESCA
KEL,0.0,1.0,0.0,1.0,ESCA
GNAQ,0.0,1.0,0.0,1.0,ESCA
GPS2,1.0,0.0,0.0,1.0,ESCA
HLA-A,1.0,0.0,0.0,1.0,ESCA
HUWE1,1.0,0.0,0.0,1.0,ESCA
IRF6,0.0,1.0,0.0,1.0,ESCA
KLF5,1.0,0.0,0.0,1.0,ESCA
KMT2D,1.0,0.0,0.0,1.0,ESCA
KRT222,1.0,0.0,0.0,1.0,ESCA
LEMD2,1.0,0.0,0.0,1.0,ESCA
MAP2K1,1.0,0.0,0.0,1.0,ESCA
MAP3K1,0.0,1.0,0.0,1.0,ESCA
MAP3K4,1.0,0.0,0.0,1.0,ESCA
MECOM,1.0,0.0,0.0,1.0,ESCA
MED12,1.0,0.0,0.0,1.0,ESCA
MSH3,0.0,1.0,0.0,1.0,ESCA
MTOR,1.0,0.0,0.0,1.0,ESCA
MYCN,1.0,0.0,0.0,1.0,ESCA
MYH9,0.0,0.0,1.0,1.0,ESCA
NCOR1,0.0,1.0,0.0,1.0,ESCA
FBXW7,1.0,0.0,0.0,1.0,ESCA
FGF1,0.0,0.0,1.0,1.0,ESCA
FGFR1,1.0,0.0,0.0,1.0,ESCA
FGFR2,1.0,0.0,0.0,1.0,ESCA
FLNA,1.0,0.0,0.0,1.0,ESCA
FUBP1,1.0,0.0,0.0,1.0,ESCA
NF1,0.0,0.0,1.0,1.0,ESCA
NIPBL,1.0,0.0,0.0,1.0,ESCA
NUP133,1.0,0.0,0.0,1.0,ESCA
PGR,1.0,0.0,0.0,1.0,ESCA
ERCC2,1.0,0.0,0.0,1.0,ESCA
ESR1,1.0,0.0,0.0,1.0,ESCA
EZH2,1.0,0.0,0.0,1.0,ESCA
FAT1,0.0,1.0,0.0,1.0,ESCA
PIK3CG,1.0,0.0,0.0,1.0,ESCA
PLCG1,1.0,0.0,0.0,1.0,ESCA
PMS2,0.0,0.0,1.0,1.0,ESCA
POLE,1.0,0.0,0.0,1.0,ESCA
POLRMT,1.0,0.0,0.0,1.0,ESCA
DAZAP1,0.0,1.0,0.0,1.0,ESCA
EEF2,1.0,0.0,0.0,1.0,ESCA
ELF3,1.0,0.0,0.0,1.0,ESCA
PPM1D,1.0,0.0,0.0,1.0,ESCA
PPP2R1A,1.0,0.0,0.0,1.0,ESCA
PPP6C,0.0,1.0,0.0,1.0,ESCA
PRKAR1A,1.0,0.0,0.0,1.0,ESCA
PTCH1,1.0,0.0,0.0,1.0,ESCA
PTEN,1.0,0.0,0.0,1.0,ESCA
PTPDC1,1.0,0.0,0.0,1.0,ESCA
PTPRD,1.0,0.0,0.0,1.0,ESCA
RB1,1.0,0.0,0.0,1.0,ESCA
RET,1.0,0.0,0.0,1.0,ESCA
RHEB,1.0,0.0,0.0,1.0,ESCA
RPL22,1.0,0.0,0.0,1.0,ESCA
RPS6KA3,0.0,1.0,0.0,1.0,ESCA
CREB3L3,1.0,0.0,0.0,1.0,ESCA
CTNND1,1.0,0.0,0.0,1.0,ESCA
DACH1,1.0,0.0,0.0,1.0,ESCA
CHD3,1.0,0.0,0.0,1.0,ESCA
SETBP1,1.0,0.0,0.0,1.0,ESCA
SMC1A,0.0,1.0,0.0,1.0,ESCA
SOX17,1.0,0.0,0.0,1.0,ESCA
TBL1XR1,1.0,0.0,0.0,1.0,ESCA
TCF7L2,1.0,0.0,0.0,1.0,ESCA
TNFAIP3,1.0,0.0,0.0,1.0,ESCA
ZFHX3,0.0,1.0,0.0,1.0,ESCA
AJUBA,1.0,0.0,0.0,1.0,ESCA
ZMYM2,0.0,1.0,0.0,1.0,ESCA
ZNF133,0.0,0.0,1.0,1.0,ESCA
ARHGAP35,0.0,1.0,0.0,1.0,ESCA
UNCX,0.0,1.0,0.0,1.0,ESCA
USP9X,1.0,0.0,0.0,1.0,ESCA
XPO1,1.0,0.0,0.0,1.0,ESCA
ZBTB20,1.0,0.0,0.0,1.0,ESCA
ZBTB7B,1.0,0.0,0.0,1.0,ESCA
JAK3,1.0,0.0,0.0,1.0,ESCA
KANSL1,1.0,0.0,0.0,1.0,ESCA
KDM5C,0.0,1.0,0.0,1.0,ESCA
APC,1.0,0.0,0.0,1.0,GBAD
BCOR,1.0,0.0,0.0,1.0,GBAD
CDK12,1.0,0.0,0.0,1.0,GBAD
CDKN2A,1.0,0.0,0.0,1.0,GBAD
CTNNB1,1.0,0.0,0.0,1.0,GBAD
EEF1A1,1.0,0.0,0.0,1.0,GBAD
ERBB2,1.0,0.0,0.0,1.0,GBAD
ERBB3,1.0,0.0,0.0,1.0,GBAD
ESR1,1.0,0.0,0.0,1.0,GBAD
GNAS,1.0,0.0,0.0,1.0,GBAD
KANSL1,0.0,1.0,0.0,1.0,GBAD
KLF5,0.0,1.0,0.0,1.0,GBAD
LATS2,0.0,0.0,1.0,1.0,GBAD
SMC3,1.0,0.0,0.0,1.0,GBAD
SPTA1,0.0,1.0,0.0,1.0,GBAD
TERT,31.0,0.0,0.0,31.0,GBM
CDKN2A,25.0,3.0,3.0,31.0,GBM
EGFR,18.0,6.0,4.0,28.0,GBM
PTEN,24.0,0.0,1.0,25.0,GBM
TP53,18.0,3.0,0.0,21.0,GBM
PDGFRA,4.0,2.0,5.0,11.0,GBM
NF1,7.0,1.0,0.0,8.0,GBM
RB1,6.0,1.0,0.0,7.0,GBM
CREBBP,1.0,4.0,0.0,5.0,GBM
MACF1,3.0,2.0,0.0,5.0,GBM
CDK4,4.0,0.0,1.0,5.0,GBM
MUC6,2.0,2.0,0.0,4.0,GBM
COL5A1,1.0,2.0,1.0,4.0,GBM
ARID1A,2.0,1.0,1.0,4.0,GBM
FAT1,2.0,1.0,1.0,4.0,GBM
SOX2,1.0,0.0,3.0,4.0,GBM
MDM4,4.0,0.0,0.0,4.0,GBM
PIK3R1,4.0,0.0,0.0,4.0,GBM
KMT2C,1.0,1.0,2.0,4.0,GBM
PIK3CG,2.0,0.0,2.0,4.0,GBM
PTPN11,3.0,0.0,1.0,4.0,GBM
SPTA1,3.0,1.0,0.0,4.0,GBM
DMD,1.0,3.0,0.0,4.0,GBM
DNMT3A,1.0,1.0,1.0,3.0,GBM
DICER1,0.0,2.0,1.0,3.0,GBM
PMS2,2.0,1.0,0.0,3.0,GBM
CTNND1,1.0,2.0,0.0,3.0,GBM
NF2,2.0,1.0,0.0,3.0,GBM
FUBP1,1.0,2.0,0.0,3.0,GBM
CHD8,0.0,2.0,1.0,3.0,GBM
LZTR1,1.0,0.0,2.0,3.0,GBM
KMT2D,2.0,1.0,0.0,3.0,GBM
KEL,2.0,0.0,1.0,3.0,GBM
SMC1A,1.0,2.0,0.0,3.0,GBM
GNAS,1.0,2.0,0.0,3.0,GBM
KMT2A,1.0,2.0,0.0,3.0,GBM
CACNA1A,1.0,1.0,1.0,3.0,GBM
BRCA2,1.0,2.0,0.0,3.0,GBM
CIC,2.0,1.0,0.0,3.0,GBM
NOTCH2,0.0,2.0,0.0,2.0,GBM
NFE2L2,2.0,0.0,0.0,2.0,GBM
GTF2I,1.0,0.0,1.0,2.0,GBM
NIPBL,2.0,0.0,0.0,2.0,GBM
POLRMT,1.0,0.0,1.0,2.0,GBM
SETD2,1.0,1.0,0.0,2.0,GBM
SCAF4,0.0,1.0,1.0,2.0,GBM
MTOR,0.0,2.0,0.0,2.0,GBM
MSH6,1.0,1.0,0.0,2.0,GBM
RNF43,1.0,0.0,1.0,2.0,GBM
PSIP1,0.0,1.0,1.0,2.0,GBM
KIT,0.0,2.0,0.0,2.0,GBM
KMT2B,0.0,1.0,1.0,2.0,GBM
RARA,0.0,1.0,1.0,2.0,GBM
MAX,1.0,0.0,1.0,2.0,GBM
PTPRC,0.0,2.0,0.0,2.0,GBM
JAK3,0.0,2.0,0.0,2.0,GBM
USP9X,1.0,1.0,0.0,2.0,GBM
TRAF3,1.0,0.0,1.0,2.0,GBM
ZBTB20,2.0,0.0,0.0,2.0,GBM
ZC3H12A,0.0,2.0,0.0,2.0,GBM
PIK3CB,0.0,1.0,1.0,2.0,GBM
PIK3CA,2.0,0.0,0.0,2.0,GBM
ATRX,1.0,1.0,0.0,2.0,GBM
ATM,1.0,1.0,0.0,2.0,GBM
PGR,2.0,0.0,0.0,2.0,GBM
BCOR,1.0,0.0,1.0,2.0,GBM
PMS1,0.0,1.0,1.0,2.0,GBM
CARD11,1.0,0.0,1.0,2.0,GBM
ASXL1,1.0,1.0,0.0,2.0,GBM
ARID2,0.0,1.0,1.0,2.0,GBM
CDK12,1.0,1.0,0.0,2.0,GBM
CHD3,0.0,2.0,0.0,2.0,GBM
EP300,1.0,1.0,0.0,2.0,GBM
FGFR3,0.0,1.0,1.0,2.0,GBM
FBXW7,0.0,2.0,0.0,2.0,GBM
SPTAN1,0.0,2.0,0.0,2.0,GBM
STAG2,1.0,1.0,0.0,2.0,GBM
STK11,1.0,1.0,0.0,2.0,GBM
MEN1,0.0,2.0,0.0,2.0,GBM
EEF2,1.0,1.0,0.0,2.0,GBM
TAF1,1.0,0.0,1.0,2.0,GBM
POLE,1.0,1.0,0.0,2.0,GBM
PBRM1,2.0,0.0,0.0,2.0,GBM
TGFBR2,0.0,2.0,0.0,2.0,GBM
CREB3L3,0.0,2.0,0.0,2.0,GBM
THRAP3,0.0,1.0,1.0,2.0,GBM
SOX9,1.0,0.0,1.0,2.0,GBM
CHD4,1.0,1.0,0.0,2.0,GBM
PTCH1,0.0,0.0,1.0,1.0,GBM
POLQ,0.0,1.0,0.0,1.0,GBM
PLCG1,1.0,0.0,0.0,1.0,GBM
ACVR1,0.0,1.0,0.0,1.0,GBM
TSC2,1.0,0.0,0.0,1.0,GBM
TSC1,0.0,0.0,1.0,1.0,GBM
TLR4,0.0,1.0,0.0,1.0,GBM
ZNF133,1.0,0.0,0.0,1.0,GBM
ATF7IP,1.0,0.0,0.0,1.0,GBM
ASXL2,0.0,1.0,0.0,1.0,GBM
TGIF1,0.0,1.0,0.0,1.0,GBM
TET2,1.0,0.0,0.0,1.0,GBM
TCF12,0.0,1.0,0.0,1.0,GBM
TBX3,1.0,0.0,0.0,1.0,GBM
SMC3,0.0,1.0,0.0,1.0,GBM
PLXNB2,0.0,1.0,0.0,1.0,GBM
SMARCA4,1.0,0.0,0.0,1.0,GBM
SMARCA1,0.0,0.0,1.0,1.0,GBM
SMAD4,0.0,0.0,1.0,1.0,GBM
SIN3A,0.0,1.0,0.0,1.0,GBM
SF1,0.0,0.0,1.0,1.0,GBM
SETBP1,0.0,1.0,0.0,1.0,GBM
RUNX1,0.0,1.0,0.0,1.0,GBM
RPL22,1.0,0.0,0.0,1.0,GBM
RHOB,0.0,0.0,1.0,1.0,GBM
RFC1,0.0,1.0,0.0,1.0,GBM
RBM10,0.0,0.0,1.0,1.0,GBM
RAF1,0.0,1.0,0.0,1.0,GBM
PTPRD,1.0,0.0,0.0,1.0,GBM
SMARCB1,0.0,0.0,1.0,1.0,GBM
GABRA6,1.0,0.0,0.0,1.0,GBM
FOXA1,1.0,0.0,0.0,1.0,GBM
FLT3,0.0,0.0,1.0,1.0,GBM
FLNA,1.0,0.0,0.0,1.0,GBM
ERBB4,1.0,0.0,0.0,1.0,GBM
ERBB2,0.0,1.0,0.0,1.0,GBM
EPAS1,1.0,0.0,0.0,1.0,GBM
DIAPH2,0.0,1.0,0.0,1.0,GBM
DHX9,0.0,1.0,0.0,1.0,GBM
CYSLTR2,0.0,1.0,0.0,1.0,GBM
CUL3,1.0,0.0,0.0,1.0,GBM
CUL1,0.0,1.0,0.0,1.0,GBM
CTNNB1,1.0,0.0,0.0,1.0,GBM
CNBD1,0.0,0.0,1.0,1.0,GBM
WT1,1.0,0.0,0.0,1.0,GBM
CDKN1B,0.0,0.0,1.0,1.0,GBM
CCND2,0.0,1.0,0.0,1.0,GBM
CBFB,1.0,0.0,0.0,1.0,GBM
BRCA1,0.0,1.0,0.0,1.0,GBM
ABL1,0.0,0.0,1.0,1.0,GBM
ZMYM2,0.0,1.0,0.0,1.0,GBM
ZFP36L2,0.0,1.0,0.0,1.0,GBM
ZFHX3,1.0,0.0,0.0,1.0,GBM
ZCCHC12,0.0,0.0,1.0,1.0,GBM
ZBTB7B,1.0,0.0,0.0,1.0,GBM
AXIN2,0.0,1.0,0.0,1.0,GBM
XPO1,0.0,1.0,0.0,1.0,GBM
APC,0.0,1.0,0.0,1.0,GBM
ALK,0.0,1.0,0.0,1.0,GBM
AKT1,1.0,0.0,0.0,1.0,GBM
CHEK2,0.0,0.0,1.0,1.0,GBM
PLCB4,0.0,1.0,0.0,1.0,GBM
PIK3R2,0.0,1.0,0.0,1.0,GBM
PDS5B,1.0,0.0,0.0,1.0,GBM
NUP133,0.0,0.0,1.0,1.0,GBM
NSD1,0.0,1.0,0.0,1.0,GBM
NOTCH1,0.0,1.0,0.0,1.0,GBM
MYH9,0.0,1.0,0.0,1.0,GBM
MSH3,0.0,1.0,0.0,1.0,GBM
MSH2,1.0,0.0,0.0,1.0,GBM
MGMT,1.0,0.0,0.0,1.0,GBM
MGA,0.0,1.0,0.0,1.0,GBM
MET,1.0,0.0,0.0,1.0,GBM
MECOM,1.0,0.0,0.0,1.0,GBM
MDM2,1.0,0.0,0.0,1.0,GBM
MAP3K1,0.0,0.0,1.0,1.0,GBM
GNA11,0.0,0.0,1.0,1.0,GBM
LATS2,0.0,1.0,0.0,1.0,GBM
KRAS,0.0,1.0,0.0,1.0,GBM
KIF1A,1.0,0.0,0.0,1.0,GBM
KDM6A,0.0,1.0,0.0,1.0,GBM
KANSL1,0.0,1.0,0.0,1.0,GBM
JAK2,0.0,0.0,1.0,1.0,GBM
JAK1,0.0,1.0,0.0,1.0,GBM
IRF2,1.0,0.0,0.0,1.0,GBM
INPPL1,0.0,1.0,0.0,1.0,GBM
IL7R,1.0,0.0,0.0,1.0,GBM
IL6ST,0.0,1.0,0.0,1.0,GBM
IDH1,0.0,1.0,0.0,1.0,GBM
HUWE1,1.0,0.0,0.0,1.0,GBM
GRIN2D,0.0,1.0,0.0,1.0,GBM
GPS2,0.0,0.0,1.0,1.0,GBM
LEMD2,0.0,1.0,0.0,1.0,GBM
AJUBA,1.0,0.0,0.0,1.0,HNSC
CCND1,0.0,0.0,1.0,1.0,HNSC
CD274,1.0,0.0,0.0,1.0,HNSC
CDKN2A,0.0,1.0,0.0,1.0,HNSC
DMD,1.0,0.0,0.0,1.0,HNSC
EGFR,1.0,0.0,0.0,1.0,HNSC
FGF1,0.0,1.0,0.0,1.0,HNSC
HLA-A,1.0,0.0,0.0,1.0,HNSC
HUWE1,0.0,0.0,1.0,1.0,HNSC
JAK2,1.0,0.0,0.0,1.0,HNSC
NOTCH1,1.0,0.0,0.0,1.0,HNSC
PIK3CA,1.0,0.0,0.0,1.0,HNSC
PIK3CB,1.0,0.0,0.0,1.0,HNSC
PTMA,1.0,0.0,0.0,1.0,HNSC
PTPRD,1.0,0.0,0.0,1.0,HNSC
RFC1,0.0,1.0,0.0,1.0,HNSC
SOX2,0.0,1.0,0.0,1.0,HNSC
TERC,0.0,1.0,0.0,1.0,HNSC
TERT,1.0,0.0,0.0,1.0,HNSC
TP53,1.0,0.0,0.0,1.0,HNSC
ZNF750,1.0,0.0,0.0,1.0,HNSC
ATM,0.0,1.0,0.0,1.0,IPMN
BRD4,0.0,0.0,1.0,1.0,IPMN
CDKN2A,0.0,1.0,0.0,1.0,IPMN
ERBB4,0.0,1.0,0.0,1.0,IPMN
ESR1,0.0,1.0,0.0,1.0,IPMN
GNAS,0.0,1.0,0.0,1.0,IPMN
KRAS,1.0,0.0,0.0,1.0,IPMN
MCL1,0.0,0.0,1.0,1.0,IPMN
MUC6,0.0,1.0,0.0,1.0,IPMN
NIPBL,0.0,1.0,0.0,1.0,IPMN
RBM10,0.0,1.0,0.0,1.0,IPMN
RIT1,0.0,0.0,1.0,1.0,IPMN
RUNX1,0.0,1.0,0.0,1.0,IPMN
TP53,0.0,0.0,1.0,1.0,IPMN
CDKN1A,1.0,0.0,0.0,1.0,KICH
CHD4,1.0,0.0,0.0,1.0,KICH
DACH1,0.0,1.0,0.0,1.0,KICH
AMER1,1.0,0.0,0.0,1.0,KIRC
ARID1A,0.0,1.0,0.0,1.0,KIRC
CARD11,0.0,1.0,0.0,1.0,KIRC
PBRM1,0.0,1.0,0.0,1.0,KIRC
PIK3CA,0.0,0.0,1.0,1.0,KIRC
PLXNB2,0.0,1.0,0.0,1.0,KIRC
RNF43,1.0,0.0,0.0,1.0,KIRC
SETD2,1.0,0.0,0.0,1.0,KIRC
TP53,1.0,0.0,0.0,1.0,KIRC
VHL,1.0,0.0,0.0,1.0,KIRC
CACNA1A,0.0,1.0,0.0,1.0,LIHC
EPHA2,1.0,0.0,0.0,1.0,LIHC
FGFR1,1.0,0.0,0.0,1.0,LIHC
KEL,1.0,0.0,0.0,1.0,LIHC
MCL1,1.0,0.0,0.0,1.0,LIHC
MDM4,1.0,0.0,0.0,1.0,LIHC
NOTCH1,0.0,1.0,0.0,1.0,LIHC
RIT1,1.0,0.0,0.0,1.0,LIHC
SAV1,0.0,0.0,1.0,1.0,LIHC
SCAF4,1.0,0.0,0.0,1.0,LIHC
SPTA1,0.0,1.0,0.0,1.0,LIHC
SPTAN1,1.0,0.0,0.0,1.0,LIHC
ZNF703,1.0,0.0,0.0,1.0,LIHC
CDKN2A,4.0,2.0,2.0,8.0,LUAD
TP53,7.0,0.0,0.0,7.0,LUAD
KEAP1,5.0,0.0,0.0,5.0,LUAD
KRAS,5.0,0.0,0.0,5.0,LUAD
KMT2A,2.0,1.0,1.0,4.0,LUAD
MACF1,3.0,1.0,0.0,4.0,LUAD
STK11,2.0,1.0,1.0,4.0,LUAD
TERT,4.0,0.0,0.0,4.0,LUAD
EGFR,1.0,2.0,0.0,3.0,LUAD
KIF1A,2.0,0.0,1.0,3.0,LUAD
KMT2D,0.0,1.0,2.0,3.0,LUAD
SPTA1,3.0,0.0,0.0,3.0,LUAD
MGA,1.0,2.0,0.0,3.0,LUAD
PIK3CG,3.0,0.0,0.0,3.0,LUAD
PGR,1.0,0.0,1.0,2.0,LUAD
PTPRD,2.0,0.0,0.0,2.0,LUAD
ERBB2,2.0,0.0,0.0,2.0,LUAD
RAF1,1.0,0.0,1.0,2.0,LUAD
FLNA,1.0,1.0,0.0,2.0,LUAD
NIPBL,2.0,0.0,0.0,2.0,LUAD
DDX3X,2.0,0.0,0.0,2.0,LUAD
DACH1,2.0,0.0,0.0,2.0,LUAD
SETBP1,1.0,1.0,0.0,2.0,LUAD
AMER1,2.0,0.0,0.0,2.0,LUAD
APC,2.0,0.0,0.0,2.0,LUAD
KMT2B,1.0,1.0,0.0,2.0,LUAD
GABRA6,1.0,0.0,1.0,2.0,LUAD
AR,2.0,0.0,0.0,2.0,LUAD
NF1,2.0,0.0,0.0,2.0,LUAD
TLR4,1.0,1.0,0.0,2.0,LUAD
ATRX,2.0,0.0,0.0,2.0,LUAD
GNAS,2.0,0.0,0.0,2.0,LUAD
TBX3,1.0,1.0,0.0,2.0,LUAD
ALK,2.0,0.0,0.0,2.0,LUAD
PLXNB2,1.0,0.0,0.0,1.0,LUAD
POLE,1.0,0.0,0.0,1.0,LUAD
PDGFRA,1.0,0.0,0.0,1.0,LUAD
PBRM1,1.0,0.0,0.0,1.0,LUAD
PAX5,1.0,0.0,0.0,1.0,LUAD
NFE2L2,1.0,0.0,0.0,1.0,LUAD
NF2,1.0,0.0,0.0,1.0,LUAD
MTOR,1.0,0.0,0.0,1.0,LUAD
PMS2,1.0,0.0,0.0,1.0,LUAD
ZFHX3,1.0,0.0,0.0,1.0,LUAD
WT1,1.0,0.0,0.0,1.0,LUAD
UNCX,1.0,0.0,0.0,1.0,LUAD
TGFBR2,0.0,0.0,1.0,1.0,LUAD
STAG2,0.0,1.0,0.0,1.0,LUAD
SOX9,0.0,0.0,1.0,1.0,LUAD
SOS1,1.0,0.0,0.0,1.0,LUAD
SMARCB1,1.0,0.0,0.0,1.0,LUAD
SMARCA4,1.0,0.0,0.0,1.0,LUAD
MYH9,1.0,0.0,0.0,1.0,LUAD
SIN3A,0.0,0.0,1.0,1.0,LUAD
SETD2,1.0,0.0,0.0,1.0,LUAD
RNF43,1.0,0.0,0.0,1.0,LUAD
RFC1,1.0,0.0,0.0,1.0,LUAD
RBM10,1.0,0.0,0.0,1.0,LUAD
PTPRC,1.0,0.0,0.0,1.0,LUAD
PTPDC1,1.0,0.0,0.0,1.0,LUAD
PTCH1,0.0,1.0,0.0,1.0,LUAD
PPP2R1A,1.0,0.0,0.0,1.0,LUAD
POLRMT,1.0,0.0,0.0,1.0,LUAD
SMARCA1,1.0,0.0,0.0,1.0,LUAD
DIAPH2,0.0,0.0,1.0,1.0,LUAD
CYSLTR2,1.0,0.0,0.0,1.0,LUAD
CREBBP,0.0,1.0,0.0,1.0,LUAD
COL5A1,0.0,0.0,1.0,1.0,LUAD
CNBD1,1.0,0.0,0.0,1.0,LUAD
CIC,0.0,0.0,1.0,1.0,LUAD
CHEK2,1.0,0.0,0.0,1.0,LUAD
CHD4,0.0,0.0,1.0,1.0,LUAD
CEBPA,0.0,1.0,0.0,1.0,LUAD
XPO1,1.0,0.0,0.0,1.0,LUAD
CD70,1.0,0.0,0.0,1.0,LUAD
CBFB,1.0,0.0,0.0,1.0,LUAD
BRCA2,0.0,0.0,1.0,1.0,LUAD
BCOR,0.0,1.0,0.0,1.0,LUAD
BCL2L11,1.0,0.0,0.0,1.0,LUAD
ATR,1.0,0.0,0.0,1.0,LUAD
ATM,0.0,1.0,0.0,1.0,LUAD
ARID5B,0.0,1.0,0.0,1.0,LUAD
ARID2,1.0,0.0,0.0,1.0,LUAD
AJUBA,0.0,0.0,1.0,1.0,LUAD
CDKN1B,1.0,0.0,0.0,1.0,LUAD
MSH3,1.0,0.0,0.0,1.0,LUAD
MET,0.0,1.0,0.0,1.0,LUAD
MED12,1.0,0.0,0.0,1.0,LUAD
KMT2C,0.0,0.0,1.0,1.0,LUAD
KDM5C,0.0,0.0,1.0,1.0,LUAD
KANSL1,1.0,0.0,0.0,1.0,LUAD
JAK3,1.0,0.0,0.0,1.0,LUAD
JAK2,0.0,0.0,1.0,1.0,LUAD
JAK1,1.0,0.0,0.0,1.0,LUAD
IRF6,1.0,0.0,0.0,1.0,LUAD
DMD,1.0,0.0,0.0,1.0,LUAD
IDH1,1.0,0.0,0.0,1.0,LUAD
HUWE1,0.0,1.0,0.0,1.0,LUAD
GRIN2D,1.0,0.0,0.0,1.0,LUAD
FUBP1,1.0,0.0,0.0,1.0,LUAD
FGFR1,1.0,0.0,0.0,1.0,LUAD
FBXW7,1.0,0.0,0.0,1.0,LUAD
ESR1,1.0,0.0,0.0,1.0,LUAD
ERBB4,1.0,0.0,0.0,1.0,LUAD
EPAS1,0.0,1.0,0.0,1.0,LUAD
EEF1A1,0.0,1.0,0.0,1.0,LUAD
IL7R,1.0,0.0,0.0,1.0,LUAD
ARID1A,1.0,0.0,0.0,1.0,LUSC
CCND1,1.0,0.0,0.0,1.0,LUSC
CCND2,1.0,0.0,0.0,1.0,LUSC
CDK6,1.0,0.0,0.0,1.0,LUSC
CDKN2A,1.0,0.0,0.0,1.0,LUSC
CUL3,1.0,0.0,0.0,1.0,LUSC
JAK2,1.0,0.0,0.0,1.0,LUSC
KMT2D,1.0,0.0,0.0,1.0,LUSC
KRAS,1.0,0.0,0.0,1.0,LUSC
LATS1,1.0,0.0,0.0,1.0,LUSC
NF1,1.0,0.0,0.0,1.0,LUSC
POLRMT,1.0,0.0,0.0,1.0,LUSC
RFC1,0.0,0.0,1.0,1.0,LUSC
SOX2,0.0,0.0,1.0,1.0,LUSC
SPTAN1,0.0,0.0,1.0,1.0,LUSC
TERC,0.0,0.0,1.0,1.0,LUSC
TERT,1.0,0.0,0.0,1.0,LUSC
TP53,1.0,0.0,0.0,1.0,LUSC
USP9X,1.0,0.0,0.0,1.0,LUSC
CD44,1.0,0.0,0.0,1.0,MISC
ERBB2,1.0,0.0,0.0,1.0,MISC
ERBB4,0.0,0.0,1.0,1.0,MISC
FLNA,0.0,1.0,0.0,1.0,MISC
HGF,0.0,0.0,1.0,1.0,MISC
MED12,1.0,0.0,0.0,1.0,MISC
MTOR,0.0,1.0,0.0,1.0,MISC
MYC,1.0,0.0,0.0,1.0,MISC
NF1,1.0,0.0,0.0,1.0,MISC
TP53,6.0,1.0,0.0,7.0,OV
EPAS1,1.0,0.0,1.0,2.0,OV
MYC,1.0,0.0,1.0,2.0,OV
CDKN2A,1.0,1.0,0.0,2.0,OV
KRAS,2.0,0.0,0.0,2.0,OV
CCNE1,1.0,0.0,0.0,1.0,OV
BCOR,0.0,1.0,0.0,1.0,OV
BRD4,1.0,0.0,0.0,1.0,OV
CTNNB1,1.0,0.0,0.0,1.0,OV
CSDE1,1.0,0.0,0.0,1.0,OV
CASP8,1.0,0.0,0.0,1.0,OV
FAT1,0.0,0.0,1.0,1.0,OV
GNAS,1.0,0.0,0.0,1.0,OV
GRIN2D,0.0,1.0,0.0,1.0,OV
FLT3,1.0,0.0,0.0,1.0,OV
FGFR2,0.0,0.0,1.0,1.0,OV
KEAP1,1.0,0.0,0.0,1.0,OV
HUWE1,0.0,1.0,0.0,1.0,OV
MACF1,0.0,0.0,1.0,1.0,OV
MCL1,0.0,0.0,1.0,1.0,OV
NF1,1.0,0.0,0.0,1.0,OV
NF2,1.0,0.0,0.0,1.0,OV
NFE2L2,0.0,1.0,0.0,1.0,OV
FOXA1,0.0,0.0,1.0,1.0,OV
NIPBL,0.0,0.0,1.0,1.0,OV
NSD1,0.0,0.0,1.0,1.0,OV
PIK3R2,0.0,0.0,1.0,1.0,OV
PIK3CG,0.0,0.0,1.0,1.0,OV
PPP2R1A,0.0,1.0,0.0,1.0,OV
RPL22,0.0,0.0,1.0,1.0,OV
RPL5,0.0,1.0,0.0,1.0,OV
PLXNB2,0.0,0.0,1.0,1.0,OV
SETBP1,0.0,1.0,0.0,1.0,OV
SMAD4,1.0,0.0,0.0,1.0,OV
SPTA1,0.0,1.0,0.0,1.0,OV
TNFAIP3,1.0,0.0,0.0,1.0,OV
USP9X,0.0,0.0,1.0,1.0,OV
XPO1,1.0,0.0,0.0,1.0,OV
ZFHX3,0.0,1.0,0.0,1.0,OV
ZNF133,0.0,0.0,1.0,1.0,OV
KRAS,47.0,3.0,0.0,50.0,PAAD
TP53,44.0,4.0,0.0,48.0,PAAD
CDKN2A,32.0,6.0,5.0,43.0,PAAD
SMAD4,13.0,8.0,2.0,23.0,PAAD
MYC,6.0,3.0,5.0,14.0,PAAD
GATA6,5.0,2.0,4.0,11.0,PAAD
KMT2D,5.0,3.0,0.0,8.0,PAAD
ARID1A,6.0,1.0,0.0,7.0,PAAD
KMT2C,3.0,2.0,1.0,6.0,PAAD
PLXNB2,3.0,1.0,2.0,6.0,PAAD
TGFBR2,5.0,0.0,1.0,6.0,PAAD
ATM,3.0,1.0,1.0,5.0,PAAD
ACVR2A,3.0,2.0,0.0,5.0,PAAD
RNF43,3.0,2.0,0.0,5.0,PAAD
GNAS,3.0,1.0,0.0,4.0,PAAD
TERT,3.0,1.0,0.0,4.0,PAAD
MACF1,1.0,2.0,1.0,4.0,PAAD
ERBB2,1.0,1.0,1.0,3.0,PAAD
MUC6,1.0,2.0,0.0,3.0,PAAD
MYH9,1.0,2.0,0.0,3.0,PAAD
ERBB4,2.0,1.0,0.0,3.0,PAAD
STK11,2.0,1.0,0.0,3.0,PAAD
SPTA1,3.0,0.0,0.0,3.0,PAAD
SF1,2.0,1.0,0.0,3.0,PAAD
SOX9,2.0,0.0,0.0,2.0,PAAD
HLA-B,1.0,1.0,0.0,2.0,PAAD
KDM6A,2.0,0.0,0.0,2.0,PAAD
KMT2B,2.0,0.0,0.0,2.0,PAAD
SMARCA1,1.0,1.0,0.0,2.0,PAAD
SETD2,1.0,1.0,0.0,2.0,PAAD
POLE,2.0,0.0,0.0,2.0,PAAD
MAP2K4,1.0,1.0,0.0,2.0,PAAD
MTOR,2.0,0.0,0.0,2.0,PAAD
PGR,0.0,1.0,1.0,2.0,PAAD
PDGFRA,2.0,0.0,0.0,2.0,PAAD
PBRM1,2.0,0.0,0.0,2.0,PAAD
NOTCH1,1.0,1.0,0.0,2.0,PAAD
NOTCH2,1.0,1.0,0.0,2.0,PAAD
FGFR3,1.0,0.0,1.0,2.0,PAAD
APC,2.0,0.0,0.0,2.0,PAAD
CIC,2.0,0.0,0.0,2.0,PAAD
AMER1,2.0,0.0,0.0,2.0,PAAD
EGFR,1.0,1.0,0.0,2.0,PAAD
CTNNB1,1.0,1.0,0.0,2.0,PAAD
ACVR1B,1.0,1.0,0.0,2.0,PAAD
CTNND1,2.0,0.0,0.0,2.0,PAAD
BRAF,2.0,0.0,0.0,2.0,PAAD
RAF1,1.0,0.0,0.0,1.0,PAAD
RAC1,0.0,1.0,0.0,1.0,PAAD
PTPRD,1.0,0.0,0.0,1.0,PAAD
PTPN11,1.0,0.0,0.0,1.0,PAAD
PSIP1,1.0,0.0,0.0,1.0,PAAD
PPM1D,1.0,0.0,0.0,1.0,PAAD
CARD11,0.0,1.0,0.0,1.0,PAAD
CDK12,1.0,0.0,0.0,1.0,PAAD
PIM1,0.0,1.0,0.0,1.0,PAAD
RBM10,1.0,0.0,0.0,1.0,PAAD
PIK3CG,1.0,0.0,0.0,1.0,PAAD
PIK3CA,1.0,0.0,0.0,1.0,PAAD
CHD3,1.0,0.0,0.0,1.0,PAAD
CHD4,1.0,0.0,0.0,1.0,PAAD
PAX5,1.0,0.0,0.0,1.0,PAAD
PIK3R1,1.0,0.0,0.0,1.0,PAAD
ZFP36L2,1.0,0.0,0.0,1.0,PAAD
ZFHX3,0.0,1.0,0.0,1.0,PAAD
VHL,0.0,0.0,1.0,1.0,PAAD
TAF1,1.0,0.0,0.0,1.0,PAAD
TET2,1.0,0.0,0.0,1.0,PAAD
BRCA2,0.0,1.0,0.0,1.0,PAAD
ZMYM3,1.0,0.0,0.0,1.0,PAAD
ARID5B,1.0,0.0,0.0,1.0,PAAD
ASXL2,1.0,0.0,0.0,1.0,PAAD
RFC1,0.0,0.0,1.0,1.0,PAAD
SOS1,0.0,1.0,0.0,1.0,PAAD
SMARCA4,0.0,0.0,1.0,1.0,PAAD
ATR,0.0,1.0,0.0,1.0,PAAD
BCOR,0.0,1.0,0.0,1.0,PAAD
ALB,0.0,0.0,1.0,1.0,PAAD
SCAF4,1.0,0.0,0.0,1.0,PAAD
CACNA1A,0.0,1.0,0.0,1.0,PAAD
RNF111,1.0,0.0,0.0,1.0,PAAD
NSD1,1.0,0.0,0.0,1.0,PAAD
RET,1.0,0.0,0.0,1.0,PAAD
SOX17,0.0,0.0,1.0,1.0,PAAD
KIT,1.0,0.0,0.0,1.0,PAAD
KIF1A,0.0,1.0,0.0,1.0,PAAD
ELF3,0.0,1.0,0.0,1.0,PAAD
KDM5C,1.0,0.0,0.0,1.0,PAAD
KANSL1,0.0,1.0,0.0,1.0,PAAD
JAK3,1.0,0.0,0.0,1.0,PAAD
JAK1,0.0,0.0,1.0,1.0,PAAD
IRF6,1.0,0.0,0.0,1.0,PAAD
INPPL1,1.0,0.0,0.0,1.0,PAAD
COL5A1,0.0,1.0,0.0,1.0,PAAD
EP300,0.0,1.0,0.0,1.0,PAAD
HLA-A,1.0,0.0,0.0,1.0,PAAD
HGF,0.0,1.0,0.0,1.0,PAAD
EPAS1,1.0,0.0,0.0,1.0,PAAD
GNA13,1.0,0.0,0.0,1.0,PAAD
EPHA2,0.0,0.0,1.0,1.0,PAAD
GABRA6,0.0,1.0,0.0,1.0,PAAD
FBXW7,0.0,1.0,0.0,1.0,PAAD
FGFR2,1.0,0.0,0.0,1.0,PAAD
HRAS,0.0,1.0,0.0,1.0,PAAD
CNBD1,1.0,0.0,0.0,1.0,PAAD
NIPBL,1.0,0.0,0.0,1.0,PAAD
NFE2L2,0.0,1.0,0.0,1.0,PAAD
NCOR1,1.0,0.0,0.0,1.0,PAAD
CREBBP,1.0,0.0,0.0,1.0,PAAD
CUL3,1.0,0.0,0.0,1.0,PAAD
MSH6,1.0,0.0,0.0,1.0,PAAD
MGMT,0.0,1.0,0.0,1.0,PAAD
MED12,0.0,0.0,1.0,1.0,PAAD
KLF5,0.0,1.0,0.0,1.0,PAAD
MDM2,0.0,0.0,1.0,1.0,PAAD
MAP3K4,1.0,0.0,0.0,1.0,PAAD
DDX3X,1.0,0.0,0.0,1.0,PAAD
MAP2K1,1.0,0.0,0.0,1.0,PAAD
DICER1,1.0,0.0,0.0,1.0,PAAD
LATS1,1.0,0.0,0.0,1.0,PAAD
DMD,1.0,0.0,0.0,1.0,PAAD
DNMT3A,1.0,0.0,0.0,1.0,PAAD
EEF2,0.0,1.0,0.0,1.0,PAAD
KMT2A,1.0,0.0,0.0,1.0,PAAD
MECOM,1.0,0.0,0.0,1.0,PAAD
APC,28.0,1.0,0.0,29.0,READ
TP53,22.0,6.0,0.0,28.0,READ
KRAS,14.0,1.0,1.0,16.0,READ
FBXW7,10.0,1.0,1.0,12.0,READ
SMAD4,11.0,0.0,0.0,11.0,READ
TCF7L2,6.0,2.0,0.0,8.0,READ
MYC,3.0,2.0,3.0,8.0,READ
PIK3CA,7.0,0.0,0.0,7.0,READ
FGFR1,1.0,2.0,3.0,6.0,READ
BRAF,6.0,0.0,0.0,6.0,READ
ZFP36L2,4.0,1.0,1.0,6.0,READ
KMT2C,2.0,3.0,1.0,6.0,READ
DMD,3.0,0.0,2.0,5.0,READ
KIF1A,4.0,1.0,0.0,5.0,READ
SPTA1,3.0,0.0,1.0,4.0,READ
SMAD2,4.0,0.0,0.0,4.0,READ
FAT1,1.0,2.0,1.0,4.0,READ
RET,1.0,2.0,0.0,3.0,READ
ERBB2,3.0,0.0,0.0,3.0,READ
SETBP1,2.0,1.0,0.0,3.0,READ
GNAS,2.0,1.0,0.0,3.0,READ
ELF3,2.0,1.0,0.0,3.0,READ
NRAS,2.0,1.0,0.0,3.0,READ
SMARCA4,1.0,1.0,1.0,3.0,READ
KANSL1,1.0,2.0,0.0,3.0,READ
SOX9,3.0,0.0,0.0,3.0,READ
COL5A1,2.0,1.0,0.0,3.0,READ
KMT2A,0.0,3.0,0.0,3.0,READ
CHD4,2.0,1.0,0.0,3.0,READ
PIK3CG,2.0,1.0,0.0,3.0,READ
PDGFRA,2.0,1.0,0.0,3.0,READ
MGA,2.0,1.0,0.0,3.0,READ
TERT,3.0,0.0,0.0,3.0,READ
ATM,3.0,0.0,0.0,3.0,READ
LATS1,2.0,1.0,0.0,3.0,READ
MACF1,1.0,2.0,0.0,3.0,READ
FGFR2,2.0,0.0,0.0,2.0,READ
MTOR,2.0,0.0,0.0,2.0,READ
RBM10,1.0,1.0,0.0,2.0,READ
MED12,1.0,1.0,0.0,2.0,READ
MECOM,1.0,1.0,0.0,2.0,READ
RB1,0.0,2.0,0.0,2.0,READ
NCOR1,1.0,1.0,0.0,2.0,READ
HGF,1.0,1.0,0.0,2.0,READ
PGR,2.0,0.0,0.0,2.0,READ
PTEN,1.0,1.0,0.0,2.0,READ
PLCG1,0.0,1.0,1.0,2.0,READ
PPM1D,1.0,1.0,0.0,2.0,READ
PLXNB2,1.0,0.0,1.0,2.0,READ
POLE,1.0,1.0,0.0,2.0,READ
PMS2,2.0,0.0,0.0,2.0,READ
KMT2D,1.0,1.0,0.0,2.0,READ
KLF5,1.0,1.0,0.0,2.0,READ
NUP93,1.0,1.0,0.0,2.0,READ
CHD8,0.0,1.0,1.0,2.0,READ
ARID2,1.0,1.0,0.0,2.0,READ
CNBD1,0.0,1.0,1.0,2.0,READ
SOX17,1.0,1.0,0.0,2.0,READ
ARID1A,1.0,1.0,0.0,2.0,READ
ZFHX3,1.0,1.0,0.0,2.0,READ
BCOR,1.0,1.0,0.0,2.0,READ
USP9X,1.0,1.0,0.0,2.0,READ
ATR,1.0,1.0,0.0,2.0,READ
SIN3A,0.0,1.0,1.0,2.0,READ
ARAF,1.0,1.0,0.0,2.0,READ
AMER1,2.0,0.0,0.0,2.0,READ
EPAS1,2.0,0.0,0.0,2.0,READ
ALK,1.0,1.0,0.0,2.0,READ
AXIN1,0.0,1.0,1.0,2.0,READ
ARHGAP35,0.0,2.0,0.0,2.0,READ
SETD2,0.0,2.0,0.0,2.0,READ
ERBB3,1.0,1.0,0.0,2.0,READ
SCAF4,1.0,1.0,0.0,2.0,READ
BTG2,0.0,2.0,0.0,2.0,READ
TSC2,1.0,1.0,0.0,2.0,READ
PIK3R2,0.0,1.0,0.0,1.0,READ
PIK3R1,1.0,0.0,0.0,1.0,READ
SPTAN1,1.0,0.0,0.0,1.0,READ
PIM1,0.0,1.0,0.0,1.0,READ
TCF12,0.0,1.0,0.0,1.0,READ
TET2,0.0,1.0,0.0,1.0,READ
PCBP1,1.0,0.0,0.0,1.0,READ
PBRM1,1.0,0.0,0.0,1.0,READ
PIK3CB,0.0,1.0,0.0,1.0,READ
RPL22,1.0,0.0,0.0,1.0,READ
RASA1,0.0,1.0,0.0,1.0,READ
RARA,0.0,1.0,0.0,1.0,READ
RAF1,0.0,1.0,0.0,1.0,READ
RAC1,1.0,0.0,0.0,1.0,READ
SF1,0.0,1.0,0.0,1.0,READ
PTMA,0.0,1.0,0.0,1.0,READ
ASXL1,0.0,1.0,0.0,1.0,READ
PPP2R1A,0.0,1.0,0.0,1.0,READ
SMAD3,0.0,1.0,0.0,1.0,READ
SMARCB1,1.0,0.0,0.0,1.0,READ
SOS1,0.0,1.0,0.0,1.0,READ
SPOP,1.0,0.0,0.0,1.0,READ
PMS1,1.0,0.0,0.0,1.0,READ
ASXL2,1.0,0.0,0.0,1.0,READ
ATRX,0.0,1.0,0.0,1.0,READ
PTCH1,1.0,0.0,0.0,1.0,READ
EPHA3,1.0,0.0,0.0,1.0,READ
EPHA2,1.0,0.0,0.0,1.0,READ
EP300,0.0,1.0,0.0,1.0,READ
EIF1AX,1.0,0.0,0.0,1.0,READ
EEF2,0.0,1.0,0.0,1.0,READ
DNMT3A,0.0,1.0,0.0,1.0,READ
DICER1,1.0,0.0,0.0,1.0,READ
DIAPH2,1.0,0.0,0.0,1.0,READ
DDX3X,1.0,0.0,0.0,1.0,READ
CYLD,1.0,0.0,0.0,1.0,READ
CUL1,1.0,0.0,0.0,1.0,READ
CREBBP,0.0,1.0,0.0,1.0,READ
CIC,0.0,1.0,0.0,1.0,READ
TGFBR2,0.0,1.0,0.0,1.0,READ
CDKN2A,0.0,0.0,1.0,1.0,READ
CDKN1B,0.0,1.0,0.0,1.0,READ
CDK12,0.0,1.0,0.0,1.0,READ
CDH1,1.0,0.0,0.0,1.0,READ
CBFB,0.0,1.0,0.0,1.0,READ
CASP8,0.0,1.0,0.0,1.0,READ
BRCA1,0.0,1.0,0.0,1.0,READ
BCL2L11,0.0,1.0,0.0,1.0,READ
ZFP36L1,0.0,1.0,0.0,1.0,READ
UNCX,1.0,0.0,0.0,1.0,READ
AJUBA,1.0,0.0,0.0,1.0,READ
ZMYM2,0.0,1.0,0.0,1.0,READ
B2M,1.0,0.0,0.0,1.0,READ
TNFAIP3,0.0,1.0,0.0,1.0,READ
CHD3,0.0,1.0,0.0,1.0,READ
PAX5,1.0,0.0,0.0,1.0,READ
NOTCH2,0.0,1.0,0.0,1.0,READ
NIPBL,0.0,1.0,0.0,1.0,READ
NF2,0.0,0.0,1.0,1.0,READ
NF1,0.0,1.0,0.0,1.0,READ
MSH6,0.0,1.0,0.0,1.0,READ
MSH2,0.0,1.0,0.0,1.0,READ
MET,0.0,1.0,0.0,1.0,READ
MAX,0.0,1.0,0.0,1.0,READ
MAPK1,0.0,1.0,0.0,1.0,READ
MAP3K1,1.0,0.0,0.0,1.0,READ
KRT222,0.0,1.0,0.0,1.0,READ
KMT2B,1.0,0.0,0.0,1.0,READ
ERBB4,0.0,1.0,0.0,1.0,READ
KDM6A,0.0,1.0,0.0,1.0,READ
JAK1,0.0,1.0,0.0,1.0,READ
INPPL1,1.0,0.0,0.0,1.0,READ
IL6ST,1.0,0.0,0.0,1.0,READ
HUWE1,1.0,0.0,0.0,1.0,READ
HRAS,1.0,0.0,0.0,1.0,READ
GNA11,0.0,0.0,1.0,1.0,READ
GATA3,0.0,1.0,0.0,1.0,READ
FUBP1,0.0,1.0,0.0,1.0,READ
FOXA2,0.0,1.0,0.0,1.0,READ
FLT3,1.0,0.0,0.0,1.0,READ
FLNA,0.0,1.0,0.0,1.0,READ
FGFR3,1.0,0.0,0.0,1.0,READ
EZH2,0.0,1.0,0.0,1.0,READ
KEL,1.0,0.0,0.0,1.0,READ
TP53,3.0,1.0,0.0,4.0,SARC
CDKN2A,3.0,0.0,0.0,3.0,SARC
CIC,2.0,0.0,0.0,2.0,SARC
KMT2D,1.0,1.0,0.0,2.0,SARC
MUC6,0.0,2.0,0.0,2.0,SARC
FAT1,1.0,1.0,0.0,2.0,SARC
CARD11,1.0,0.0,0.0,1.0,SARC
BRCA1,1.0,0.0,0.0,1.0,SARC
ATRX,0.0,0.0,1.0,1.0,SARC
CHD8,1.0,0.0,0.0,1.0,SARC
ASXL1,1.0,0.0,0.0,1.0,SARC
EPAS1,0.0,0.0,1.0,1.0,SARC
DIAPH2,1.0,0.0,0.0,1.0,SARC
DACH1,0.0,1.0,0.0,1.0,SARC
CHEK2,1.0,0.0,0.0,1.0,SARC
HLA-A,0.0,1.0,0.0,1.0,SARC
IL7R,1.0,0.0,0.0,1.0,SARC
KIT,0.0,0.0,1.0,1.0,SARC
GRIN2D,0.0,1.0,0.0,1.0,SARC
KMT2A,0.0,1.0,0.0,1.0,SARC
MACF1,0.0,0.0,1.0,1.0,SARC
MSH3,0.0,1.0,0.0,1.0,SARC
MYH9,0.0,1.0,0.0,1.0,SARC
NCOR1,0.0,1.0,0.0,1.0,SARC
NF1,0.0,0.0,1.0,1.0,SARC
NOTCH2,1.0,0.0,0.0,1.0,SARC
GABRA6,1.0,0.0,0.0,1.0,SARC
PBRM1,1.0,0.0,0.0,1.0,SARC
PMS1,1.0,0.0,0.0,1.0,SARC
RAC1,1.0,0.0,0.0,1.0,SARC
PTEN,1.0,0.0,0.0,1.0,SARC
RET,0.0,1.0,0.0,1.0,SARC
SETBP1,0.0,1.0,0.0,1.0,SARC
SETD2,0.0,1.0,0.0,1.0,SARC
RBM10,0.0,0.0,1.0,1.0,SARC
SPTA1,1.0,0.0,0.0,1.0,SARC
STAG2,0.0,1.0,0.0,1.0,SARC
TERT,1.0,0.0,0.0,1.0,SARC
TLR4,1.0,0.0,0.0,1.0,SARC
USP9X,1.0,0.0,0.0,1.0,SARC
WT1,1.0,0.0,0.0,1.0,SARC
ZFP36L2,1.0,0.0,0.0,1.0,SARC
ZMYM2,1.0,0.0,0.0,1.0,SARC
ALK,1.0,0.0,0.0,1.0,SCLC
ARID1A,1.0,0.0,0.0,1.0,SCLC
ATM,1.0,0.0,0.0,1.0,SCLC
CBFB,1.0,0.0,0.0,1.0,SCLC
MACF1,1.0,0.0,0.0,1.0,SCLC
MED12,1.0,0.0,0.0,1.0,SCLC
NF1,1.0,0.0,0.0,1.0,SCLC
NOTCH1,1.0,0.0,0.0,1.0,SCLC
PGR,1.0,0.0,0.0,1.0,SCLC
POLQ,1.0,0.0,0.0,1.0,SCLC
PTPRD,1.0,0.0,0.0,1.0,SCLC
RB1,1.0,0.0,0.0,1.0,SCLC
SETD2,1.0,0.0,0.0,1.0,SCLC
SOX2,0.0,0.0,1.0,1.0,SCLC
TERC,0.0,0.0,1.0,1.0,SCLC
TP53,1.0,0.0,0.0,1.0,SCLC
APC,1.0,0.0,0.0,1.0,SESP
FGFR1,0.0,1.0,0.0,1.0,SESP
GATA3,0.0,1.0,0.0,1.0,SESP
GATA6,0.0,1.0,0.0,1.0,SESP
KRAS,1.0,0.0,0.0,1.0,SESP
SIN3A,0.0,1.0,0.0,1.0,SESP
SMAD4,0.0,1.0,0.0,1.0,SESP
SMC3,1.0,0.0,0.0,1.0,SESP
TERT,0.0,1.0,0.0,1.0,SESP
ZFP36L2,1.0,0.0,0.0,1.0,SESP
ZNF703,0.0,1.0,0.0,1.0,SESP
ARID2,1.0,0.0,0.0,1.0,SIAC
FGFR3,0.0,0.0,1.0,1.0,SIAC
KIT,0.0,0.0,1.0,1.0,SIAC
PDGFRA,0.0,0.0,1.0,1.0,SIAC
TAF1,1.0,0.0,0.0,1.0,SIAC
ZNF217,0.0,0.0,1.0,1.0,SIAD
ABL1,1.0,0.0,0.0,1.0,SIAD
RXRA,0.0,1.0,0.0,1.0,SIAD
SCAF4,1.0,0.0,0.0,1.0,SIAD
SF3B1,1.0,0.0,0.0,1.0,SIAD
SIN3A,1.0,0.0,0.0,1.0,SIAD
SMAD3,0.0,0.0,1.0,1.0,SIAD
SOS1,1.0,0.0,0.0,1.0,SIAD
SPTAN1,0.0,1.0,0.0,1.0,SIAD
STK11,0.0,1.0,0.0,1.0,SIAD
AXIN2,0.0,1.0,0.0,1.0,SIAD
BAP1,1.0,0.0,0.0,1.0,SIAD
BRCA1,1.0,0.0,0.0,1.0,SIAD
BRCA2,1.0,0.0,0.0,1.0,SIAD
CACNA1A,0.0,1.0,0.0,1.0,SIAD
CARD11,0.0,1.0,0.0,1.0,SIAD
CASP8,1.0,0.0,0.0,1.0,SIAD
CD274,0.0,0.0,1.0,1.0,SIAD
CD44,0.0,0.0,1.0,1.0,SIAD
CDK12,1.0,0.0,0.0,1.0,SIAD
CDK6,0.0,0.0,1.0,1.0,SIAD
CDKN2A,0.0,0.0,1.0,1.0,SIAD
CHD4,1.0,0.0,0.0,1.0,SIAD
CIC,0.0,1.0,0.0,1.0,SIAD
CNBD1,1.0,0.0,0.0,1.0,SIAD
COL5A1,0.0,1.0,0.0,1.0,SIAD
CTNND1,1.0,0.0,0.0,1.0,SIAD
CUL1,1.0,0.0,0.0,1.0,SIAD
DAZAP1,0.0,1.0,0.0,1.0,SIAD
DHX9,1.0,0.0,0.0,1.0,SIAD
DMD,1.0,0.0,0.0,1.0,SIAD
DNMT3A,0.0,1.0,0.0,1.0,SIAD
EPHA2,0.0,1.0,0.0,1.0,SIAD
ERBB2,0.0,1.0,0.0,1.0,SIAD
FAT1,1.0,0.0,0.0,1.0,SIAD
FBXW7,1.0,0.0,0.0,1.0,SIAD
FGF1,0.0,0.0,1.0,1.0,SIAD
FGFR1,1.0,0.0,0.0,1.0,SIAD
GNAS,0.0,1.0,0.0,1.0,SIAD
HGF,1.0,0.0,0.0,1.0,SIAD
HLA-B,0.0,1.0,0.0,1.0,SIAD
HUWE1,1.0,0.0,0.0,1.0,SIAD
IL6ST,1.0,0.0,0.0,1.0,SIAD
JUN,0.0,0.0,1.0,1.0,SIAD
KMT2B,0.0,1.0,0.0,1.0,SIAD
KMT2D,1.0,0.0,0.0,1.0,SIAD
KRT222,1.0,0.0,0.0,1.0,SIAD
LZTR1,0.0,1.0,0.0,1.0,SIAD
MACF1,1.0,0.0,0.0,1.0,SIAD
MAP3K4,1.0,0.0,0.0,1.0,SIAD
MSH6,1.0,0.0,0.0,1.0,SIAD
MYC,0.0,0.0,1.0,1.0,SIAD
MYH9,0.0,1.0,0.0,1.0,SIAD
NF1,0.0,0.0,1.0,1.0,SIAD
NOTCH1,0.0,1.0,0.0,1.0,SIAD
NOTCH2,0.0,1.0,0.0,1.0,SIAD
NSD1,1.0,0.0,0.0,1.0,SIAD
NUP133,1.0,0.0,0.0,1.0,SIAD
NUP93,1.0,0.0,0.0,1.0,SIAD
PBRM1,1.0,0.0,0.0,1.0,SIAD
PDS5B,1.0,0.0,0.0,1.0,SIAD
PHF6,1.0,0.0,0.0,1.0,SIAD
PIK3CG,1.0,0.0,0.0,1.0,SIAD
PLCG1,1.0,0.0,0.0,1.0,SIAD
POLE,1.0,0.0,0.0,1.0,SIAD
PPM1D,0.0,1.0,0.0,1.0,SIAD
PTCH1,0.0,1.0,0.0,1.0,SIAD
PTEN,0.0,0.0,1.0,1.0,SIAD
RAC1,1.0,0.0,0.0,1.0,SIAD
RASA1,1.0,0.0,0.0,1.0,SIAD
RB1,0.0,0.0,1.0,1.0,SIAD
RNF43,1.0,0.0,0.0,1.0,SIAD
RPL22,1.0,0.0,0.0,1.0,SIAD
RUNX1,0.0,1.0,0.0,1.0,SIAD
TBX3,0.0,1.0,0.0,1.0,SIAD
TCF12,1.0,0.0,0.0,1.0,SIAD
TERC,0.0,0.0,1.0,1.0,SIAD
TERT,0.0,1.0,0.0,1.0,SIAD
TRAF3,1.0,0.0,0.0,1.0,SIAD
YAP1,0.0,0.0,1.0,1.0,SIAD
ZFHX3,0.0,1.0,0.0,1.0,SIAD
ACVR1,0.0,1.0,0.0,1.0,SIAD
ACVR2A,1.0,0.0,0.0,1.0,SIAD
ARAF,0.0,1.0,0.0,1.0,SIAD
ARHGAP35,1.0,0.0,0.0,1.0,SIAD
ARID1A,1.0,0.0,0.0,1.0,SIAD
ASXL1,0.0,1.0,0.0,1.0,SIAD
ASXL2,1.0,0.0,0.0,1.0,SIAD
ATR,1.0,0.0,0.0,1.0,SIAD
AXIN1,1.0,0.0,0.0,1.0,SIAD
TERT,16.0,2.0,2.0,20.0,SKCM
BRAF,10.0,3.0,3.0,16.0,SKCM
CDKN2A,10.0,1.0,4.0,15.0,SKCM
TP53,10.0,1.0,2.0,13.0,SKCM
KMT2C,8.0,1.0,2.0,11.0,SKCM
COL5A1,7.0,0.0,2.0,9.0,SKCM
NF1,8.0,1.0,0.0,9.0,SKCM
SPTA1,7.0,0.0,1.0,8.0,SKCM
ERBB4,7.0,0.0,1.0,8.0,SKCM
PTPRD,6.0,0.0,2.0,8.0,SKCM
NRAS,6.0,0.0,1.0,7.0,SKCM
KMT2D,5.0,0.0,2.0,7.0,SKCM
KMT2B,3.0,1.0,2.0,6.0,SKCM
TLR4,6.0,0.0,0.0,6.0,SKCM
DMD,5.0,0.0,1.0,6.0,SKCM
MGA,3.0,0.0,2.0,5.0,SKCM
APC,3.0,0.0,2.0,5.0,SKCM
MECOM,4.0,1.0,0.0,5.0,SKCM
MET,3.0,1.0,1.0,5.0,SKCM
IL7R,5.0,0.0,0.0,5.0,SKCM
GABRA6,4.0,0.0,1.0,5.0,SKCM
INPPL1,4.0,1.0,0.0,5.0,SKCM
EPHA3,4.0,0.0,1.0,5.0,SKCM
ALB,5.0,0.0,0.0,5.0,SKCM
ASXL2,4.0,0.0,0.0,4.0,SKCM
ZFHX3,3.0,0.0,1.0,4.0,SKCM
MYH9,3.0,0.0,1.0,4.0,SKCM
ARID5B,4.0,0.0,0.0,4.0,SKCM
ZMYM2,2.0,0.0,2.0,4.0,SKCM
SETBP1,3.0,0.0,1.0,4.0,SKCM
NOTCH1,4.0,0.0,0.0,4.0,SKCM
KMT2A,3.0,0.0,1.0,4.0,SKCM
MACF1,4.0,0.0,0.0,4.0,SKCM
PTEN,2.0,1.0,1.0,4.0,SKCM
FLT3,3.0,0.0,1.0,4.0,SKCM
GNAS,2.0,0.0,2.0,4.0,SKCM
CACNA1A,4.0,0.0,0.0,4.0,SKCM
ERBB3,2.0,1.0,1.0,4.0,SKCM
RET,4.0,0.0,0.0,4.0,SKCM
BRCA2,3.0,1.0,0.0,4.0,SKCM
PLCB4,4.0,0.0,0.0,4.0,SKCM
CHD8,4.0,0.0,0.0,4.0,SKCM
CIC,3.0,0.0,1.0,4.0,SKCM
KEL,4.0,0.0,0.0,4.0,SKCM
CHD4,3.0,1.0,0.0,4.0,SKCM
ARID2,3.0,0.0,1.0,4.0,SKCM
SETD2,2.0,0.0,1.0,3.0,SKCM
SMARCA4,1.0,0.0,2.0,3.0,SKCM
RUNX1,2.0,1.0,0.0,3.0,SKCM
NOTCH2,2.0,0.0,1.0,3.0,SKCM
CSDE1,3.0,0.0,0.0,3.0,SKCM
KRT222,2.0,0.0,1.0,3.0,SKCM
LATS2,3.0,0.0,0.0,3.0,SKCM
ASXL1,3.0,0.0,0.0,3.0,SKCM
CREBBP,3.0,0.0,0.0,3.0,SKCM
MAP3K4,2.0,0.0,1.0,3.0,SKCM
CREB3L3,3.0,0.0,0.0,3.0,SKCM
SF3B1,3.0,0.0,0.0,3.0,SKCM
EP300,2.0,0.0,1.0,3.0,SKCM
KDM5C,3.0,0.0,0.0,3.0,SKCM
JAK3,3.0,0.0,0.0,3.0,SKCM
CARD11,2.0,0.0,1.0,3.0,SKCM
EPHA2,3.0,0.0,0.0,3.0,SKCM
PTPRC,2.0,0.0,1.0,3.0,SKCM
EPAS1,3.0,0.0,0.0,3.0,SKCM
FLNA,2.0,0.0,1.0,3.0,SKCM
GRIN2D,3.0,0.0,0.0,3.0,SKCM
HUWE1,1.0,0.0,2.0,3.0,SKCM
FGFR3,2.0,0.0,1.0,3.0,SKCM
PDGFRA,3.0,0.0,0.0,3.0,SKCM
ALK,3.0,0.0,0.0,3.0,SKCM
BAP1,3.0,0.0,0.0,3.0,SKCM
ATM,3.0,0.0,0.0,3.0,SKCM
TET2,2.0,0.0,1.0,3.0,SKCM
MED12,3.0,0.0,0.0,3.0,SKCM
MITF,1.0,1.0,1.0,3.0,SKCM
ARID1A,3.0,0.0,0.0,3.0,SKCM
ZMYM3,2.0,0.0,0.0,2.0,SKCM
TCF7L2,2.0,0.0,0.0,2.0,SKCM
MDM2,1.0,0.0,1.0,2.0,SKCM
ZNF750,2.0,0.0,0.0,2.0,SKCM
THRAP3,2.0,0.0,0.0,2.0,SKCM
TNFAIP3,2.0,0.0,0.0,2.0,SKCM
ATR,2.0,0.0,0.0,2.0,SKCM
AXIN2,1.0,1.0,0.0,2.0,SKCM
GNA11,1.0,0.0,1.0,2.0,SKCM
HRAS,2.0,0.0,0.0,2.0,SKCM
PBRM1,2.0,0.0,0.0,2.0,SKCM
PGR,1.0,0.0,1.0,2.0,SKCM
POLRMT,2.0,0.0,0.0,2.0,SKCM
FGFR1,2.0,0.0,0.0,2.0,SKCM
FGFR2,2.0,0.0,0.0,2.0,SKCM
FOXA1,2.0,0.0,0.0,2.0,SKCM
CD274,0.0,1.0,1.0,2.0,SKCM
CDK12,2.0,0.0,0.0,2.0,SKCM
CDK4,1.0,0.0,1.0,2.0,SKCM
CDKN1B,0.0,0.0,2.0,2.0,SKCM
ESR1,2.0,0.0,0.0,2.0,SKCM
PLCG1,2.0,0.0,0.0,2.0,SKCM
POLQ,0.0,1.0,1.0,2.0,SKCM
STAG2,2.0,0.0,0.0,2.0,SKCM
STK11,1.0,0.0,1.0,2.0,SKCM
TBX3,1.0,0.0,1.0,2.0,SKCM
CNBD1,1.0,0.0,1.0,2.0,SKCM
IRF2,0.0,0.0,2.0,2.0,SKCM
JAK1,1.0,0.0,1.0,2.0,SKCM
NF2,2.0,0.0,0.0,2.0,SKCM
RIT1,2.0,0.0,0.0,2.0,SKCM
RXRA,2.0,0.0,0.0,2.0,SKCM
EGFR,2.0,0.0,0.0,2.0,SKCM
KIF1A,1.0,0.0,1.0,2.0,SKCM
KIT,2.0,0.0,0.0,2.0,SKCM
MTOR,2.0,0.0,0.0,2.0,SKCM
MUC6,2.0,0.0,0.0,2.0,SKCM
MSH2,2.0,0.0,0.0,2.0,SKCM
DACH1,2.0,0.0,0.0,2.0,SKCM
DAZAP1,2.0,0.0,0.0,2.0,SKCM
DIAPH2,1.0,0.0,1.0,2.0,SKCM
MYCN,2.0,0.0,0.0,2.0,SKCM
MYD88,0.0,0.0,2.0,2.0,SKCM
WT1,1.0,0.0,1.0,2.0,SKCM
XPO1,2.0,0.0,0.0,2.0,SKCM
ZBTB20,2.0,0.0,0.0,2.0,SKCM
BCOR,2.0,0.0,0.0,2.0,SKCM
NCOR1,2.0,0.0,0.0,2.0,SKCM
ABL1,2.0,0.0,0.0,2.0,SKCM
SPTAN1,1.0,0.0,0.0,1.0,SKCM
SRSF2,1.0,0.0,0.0,1.0,SKCM
TAF1,1.0,0.0,0.0,1.0,SKCM
TCF12,1.0,0.0,0.0,1.0,SKCM
CDH1,1.0,0.0,0.0,1.0,SKCM
CDKN1A,1.0,0.0,0.0,1.0,SKCM
CHD3,1.0,0.0,0.0,1.0,SKCM
CASP8,1.0,0.0,0.0,1.0,SKCM
KANSL1,1.0,0.0,0.0,1.0,SKCM
KDM6A,1.0,0.0,0.0,1.0,SKCM
NFE2L2,1.0,0.0,0.0,1.0,SKCM
NIPBL,1.0,0.0,0.0,1.0,SKCM
NSD1,1.0,0.0,0.0,1.0,SKCM
IDH1,1.0,0.0,0.0,1.0,SKCM
IDH2,1.0,0.0,0.0,1.0,SKCM
IL6ST,0.0,0.0,1.0,1.0,SKCM
IRF6,1.0,0.0,0.0,1.0,SKCM
NUP133,1.0,0.0,0.0,1.0,SKCM
PCBP1,1.0,0.0,0.0,1.0,SKCM
PIK3R2,1.0,0.0,0.0,1.0,SKCM
PIM1,1.0,0.0,0.0,1.0,SKCM
GATA3,1.0,0.0,0.0,1.0,SKCM
HGF,0.0,0.0,1.0,1.0,SKCM
HLA-A,1.0,0.0,0.0,1.0,SKCM
FBXW7,1.0,0.0,0.0,1.0,SKCM
PLXNB2,1.0,0.0,0.0,1.0,SKCM
PMS2,1.0,0.0,0.0,1.0,SKCM
POLE,1.0,0.0,0.0,1.0,SKCM
PTPDC1,1.0,0.0,0.0,1.0,SKCM
ERBB2,1.0,0.0,0.0,1.0,SKCM
ERCC2,1.0,0.0,0.0,1.0,SKCM
EZH2,1.0,0.0,0.0,1.0,SKCM
FAT1,0.0,0.0,1.0,1.0,SKCM
PTPN11,0.0,0.0,1.0,1.0,SKCM
RAC1,1.0,0.0,0.0,1.0,SKCM
RAD21,1.0,0.0,0.0,1.0,SKCM
RBM10,1.0,0.0,0.0,1.0,SKCM
RFC1,1.0,0.0,0.0,1.0,SKCM
DNMT3A,1.0,0.0,0.0,1.0,SKCM
EEF2,1.0,0.0,0.0,1.0,SKCM
EGR3,1.0,0.0,0.0,1.0,SKCM
RHEB,1.0,0.0,0.0,1.0,SKCM
RRAS2,1.0,0.0,0.0,1.0,SKCM
SF1,1.0,0.0,0.0,1.0,SKCM
SIN3A,1.0,0.0,0.0,1.0,SKCM
SMAD4,1.0,0.0,0.0,1.0,SKCM
SMARCA1,1.0,0.0,0.0,1.0,SKCM
SMC3,0.0,1.0,0.0,1.0,SKCM
SOS1,1.0,0.0,0.0,1.0,SKCM
SPOP,1.0,0.0,0.0,1.0,SKCM
CUL1,0.0,0.0,1.0,1.0,SKCM
CUL3,1.0,0.0,0.0,1.0,SKCM
CYLD,1.0,0.0,0.0,1.0,SKCM
DDX3X,1.0,0.0,0.0,1.0,SKCM
DICER1,0.0,0.0,1.0,1.0,SKCM
CTNNB1,1.0,0.0,0.0,1.0,SKCM
CCND1,1.0,0.0,0.0,1.0,SKCM
ATF7IP,1.0,0.0,0.0,1.0,SKCM
ATRX,1.0,0.0,0.0,1.0,SKCM
BCL2,0.0,0.0,1.0,1.0,SKCM
BCL2L11,1.0,0.0,0.0,1.0,SKCM
TRAF3,1.0,0.0,0.0,1.0,SKCM
ZNF133,0.0,0.0,1.0,1.0,SKCM
AJUBA,1.0,0.0,0.0,1.0,SKCM
AMER1,0.0,0.0,1.0,1.0,SKCM
ARAF,1.0,0.0,0.0,1.0,SKCM
USP9X,1.0,0.0,0.0,1.0,SKCM
ZCCHC12,0.0,0.0,1.0,1.0,SKCM
MSH3,1.0,0.0,0.0,1.0,SKCM
MSH6,1.0,0.0,0.0,1.0,SKCM
MAP2K1,1.0,0.0,0.0,1.0,SKCM
JAK2,1.0,0.0,0.0,1.0,SKCM
TP53,9.0,1.0,1.0,11.0,STAD
KRAS,4.0,2.0,2.0,8.0,STAD
KMT2D,5.0,1.0,0.0,6.0,STAD
ARID1A,4.0,0.0,0.0,4.0,STAD
ERBB2,2.0,1.0,1.0,4.0,STAD
CDH1,4.0,0.0,0.0,4.0,STAD
SOX9,2.0,0.0,1.0,3.0,STAD
ZFHX3,1.0,2.0,0.0,3.0,STAD
CD44,0.0,1.0,2.0,3.0,STAD
CCND1,2.0,1.0,0.0,3.0,STAD
MYC,2.0,1.0,0.0,3.0,STAD
EGFR,2.0,1.0,0.0,3.0,STAD
KMT2C,2.0,1.0,0.0,3.0,STAD
CDKN2A,1.0,2.0,0.0,3.0,STAD
CTNND1,2.0,1.0,0.0,3.0,STAD
PTPRD,1.0,0.0,1.0,2.0,STAD
MYH9,1.0,1.0,0.0,2.0,STAD
CHD8,2.0,0.0,0.0,2.0,STAD
KDM6A,2.0,0.0,0.0,2.0,STAD
EEF2,1.0,1.0,0.0,2.0,STAD
PLCB4,1.0,1.0,0.0,2.0,STAD
CTNNB1,2.0,0.0,0.0,2.0,STAD
PDS5B,2.0,0.0,0.0,2.0,STAD
PBRM1,1.0,1.0,0.0,2.0,STAD
KMT2B,1.0,0.0,1.0,2.0,STAD
ERCC2,1.0,0.0,1.0,2.0,STAD
GATA6,0.0,1.0,1.0,2.0,STAD
FGFR2,1.0,1.0,0.0,2.0,STAD
GNAS,2.0,0.0,0.0,2.0,STAD
HUWE1,1.0,0.0,1.0,2.0,STAD
TAF1,2.0,0.0,0.0,2.0,STAD
IL7R,2.0,0.0,0.0,2.0,STAD
TGFBR2,2.0,0.0,0.0,2.0,STAD
CACNA1A,2.0,0.0,0.0,2.0,STAD
AKT1,1.0,0.0,0.0,1.0,STAD
APC,1.0,0.0,0.0,1.0,STAD
AR,0.0,1.0,0.0,1.0,STAD
ARID5B,1.0,0.0,0.0,1.0,STAD
ATM,1.0,0.0,0.0,1.0,STAD
AXIN1,1.0,0.0,0.0,1.0,STAD
TERT,1.0,0.0,0.0,1.0,STAD
TET2,0.0,1.0,0.0,1.0,STAD
TLR4,0.0,1.0,0.0,1.0,STAD
TNFAIP3,0.0,0.0,1.0,1.0,STAD
TSC2,1.0,0.0,0.0,1.0,STAD
GATA4,1.0,0.0,0.0,1.0,STAD
GNAQ,0.0,0.0,1.0,1.0,STAD
HLA-B,0.0,1.0,0.0,1.0,STAD
JAK1,1.0,0.0,0.0,1.0,STAD
ELF3,1.0,0.0,0.0,1.0,STAD
EPAS1,0.0,0.0,1.0,1.0,STAD
ERBB3,0.0,1.0,0.0,1.0,STAD
FLT3,1.0,0.0,0.0,1.0,STAD
FOXA2,0.0,1.0,0.0,1.0,STAD
JAK3,1.0,0.0,0.0,1.0,STAD
KDM5C,0.0,1.0,0.0,1.0,STAD
KEL,0.0,1.0,0.0,1.0,STAD
CHEK2,0.0,0.0,1.0,1.0,STAD
COL5A1,1.0,0.0,0.0,1.0,STAD
CUL1,1.0,0.0,0.0,1.0,STAD
DACH1,1.0,0.0,0.0,1.0,STAD
MUC6,0.0,0.0,1.0,1.0,STAD
NF1,0.0,1.0,0.0,1.0,STAD
PIK3CA,0.0,1.0,0.0,1.0,STAD
POLRMT,1.0,0.0,0.0,1.0,STAD
PPP2R1A,0.0,1.0,0.0,1.0,STAD
PSIP1,1.0,0.0,0.0,1.0,STAD
PTPN11,0.0,1.0,0.0,1.0,STAD
PTPRC,0.0,1.0,0.0,1.0,STAD
RHOB,1.0,0.0,0.0,1.0,STAD
RPL22,1.0,0.0,0.0,1.0,STAD
CCNE1,1.0,0.0,0.0,1.0,STAD
CD274,0.0,1.0,0.0,1.0,STAD
CHD4,0.0,1.0,0.0,1.0,STAD
RPS6KA3,1.0,0.0,0.0,1.0,STAD
SETBP1,0.0,1.0,0.0,1.0,STAD
SF3B1,0.0,1.0,0.0,1.0,STAD
SMARCA1,0.0,1.0,0.0,1.0,STAD
SMARCA4,1.0,0.0,0.0,1.0,STAD
SPTA1,1.0,0.0,0.0,1.0,STAD
SPTAN1,1.0,0.0,0.0,1.0,STAD
ZC3H12A,1.0,0.0,0.0,1.0,STAD
ACVR2A,1.0,0.0,0.0,1.0,STAD
ZFP36L1,1.0,0.0,0.0,1.0,STAD
ZFP36L2,0.0,1.0,0.0,1.0,STAD
ZMYM2,0.0,1.0,0.0,1.0,STAD
ZMYM3,0.0,1.0,0.0,1.0,STAD
APC,5.0,0.0,0.0,5.0,TVA
TCF7L2,1.0,1.0,1.0,3.0,TVA
KRAS,1.0,1.0,1.0,3.0,TVA
FGFR1,0.0,1.0,1.0,2.0,TVA
ERBB2,1.0,1.0,0.0,2.0,TVA
HGF,0.0,0.0,2.0,2.0,TVA
BRAF,1.0,0.0,1.0,2.0,TVA
GNAS,0.0,1.0,1.0,2.0,TVA
PLCG1,0.0,2.0,0.0,2.0,TVA
FBXW7,1.0,0.0,1.0,2.0,TVA
PPP2R1A,1.0,1.0,0.0,2.0,TVA
COL5A1,1.0,0.0,1.0,2.0,TVA
CTNNB1,0.0,2.0,0.0,2.0,TVA
PDS5B,0.0,0.0,1.0,1.0,TVA
NSD1,1.0,0.0,0.0,1.0,TVA
NIPBL,0.0,0.0,1.0,1.0,TVA
MYC,0.0,1.0,0.0,1.0,TVA
MTOR,1.0,0.0,0.0,1.0,TVA
MGA,1.0,0.0,0.0,1.0,TVA
MEN1,0.0,1.0,0.0,1.0,TVA
MAP3K4,0.0,0.0,1.0,1.0,TVA
KMT2D,0.0,0.0,1.0,1.0,TVA
KMT2B,1.0,0.0,0.0,1.0,TVA
MSH2,1.0,0.0,0.0,1.0,TVA
PIK3CG,1.0,0.0,0.0,1.0,TVA
PIK3R1,0.0,1.0,0.0,1.0,TVA
KIF1A,0.0,0.0,1.0,1.0,TVA
PLXNB2,0.0,1.0,0.0,1.0,TVA
PMS2,0.0,1.0,0.0,1.0,TVA
PPP2R2A,0.0,1.0,0.0,1.0,TVA
RNF43,0.0,1.0,0.0,1.0,TVA
SETBP1,0.0,0.0,1.0,1.0,TVA
SETD2,1.0,0.0,0.0,1.0,TVA
SMARCA4,1.0,0.0,0.0,1.0,TVA
SOX17,1.0,0.0,0.0,1.0,TVA
SOX9,0.0,1.0,0.0,1.0,TVA
SPTA1,1.0,0.0,0.0,1.0,TVA
SPTAN1,0.0,1.0,0.0,1.0,TVA
TERT,0.0,0.0,1.0,1.0,TVA
PLCB4,0.0,0.0,1.0,1.0,TVA
ACVR1B,1.0,0.0,0.0,1.0,TVA
ACVR2A,0.0,1.0,0.0,1.0,TVA
ALB,0.0,0.0,1.0,1.0,TVA
ALK,1.0,0.0,0.0,1.0,TVA
ARHGAP35,0.0,0.0,1.0,1.0,TVA
ATM,1.0,0.0,0.0,1.0,TVA
BAP1,1.0,0.0,0.0,1.0,TVA
BRCA1,0.0,0.0,1.0,1.0,TVA
BRCA2,1.0,0.0,0.0,1.0,TVA
CACNA1A,0.0,1.0,0.0,1.0,TVA
CDK4,0.0,0.0,1.0,1.0,TVA
CIC,0.0,0.0,1.0,1.0,TVA
CREB3L3,0.0,1.0,0.0,1.0,TVA
DHX9,0.0,0.0,1.0,1.0,TVA
DMD,0.0,0.0,1.0,1.0,TVA
INPPL1,0.0,1.0,0.0,1.0,TVA
EPHA3,0.0,0.0,1.0,1.0,TVA
FAT1,1.0,0.0,0.0,1.0,TVA
FGFR3,0.0,1.0,0.0,1.0,TVA
FLNA,0.0,0.0,1.0,1.0,TVA
FOXA2,0.0,1.0,0.0,1.0,TVA
GABRA6,1.0,0.0,0.0,1.0,TVA
GATA3,0.0,0.0,1.0,1.0,TVA
GATA4,0.0,1.0,0.0,1.0,TVA
GNAQ,0.0,1.0,0.0,1.0,TVA
HRAS,1.0,0.0,0.0,1.0,TVA
ZNF703,0.0,1.0,0.0,1.0,TVA
JAK3,0.0,0.0,1.0,1.0,TVA
KAT6A,0.0,1.0,0.0,1.0,TVA
KDM5C,0.0,1.0,0.0,1.0,TVA
KEAP1,0.0,1.0,0.0,1.0,TVA
DNMT3A,0.0,0.0,1.0,1.0,TVA
PTEN,5.0,0.0,1.0,6.0,UCEC
TAF1,5.0,0.0,1.0,6.0,UCEC
PLXNB2,2.0,2.0,1.0,5.0,UCEC
PIK3CA,5.0,0.0,0.0,5.0,UCEC
KMT2D,2.0,2.0,1.0,5.0,UCEC
ARID1A,4.0,1.0,0.0,5.0,UCEC
TP53,3.0,1.0,0.0,4.0,UCEC
CHD8,1.0,3.0,0.0,4.0,UCEC
CTCF,2.0,0.0,2.0,4.0,UCEC
FGFR3,0.0,3.0,1.0,4.0,UCEC
HUWE1,2.0,1.0,1.0,4.0,UCEC
INPPL1,1.0,2.0,1.0,4.0,UCEC
KMT2B,2.0,2.0,0.0,4.0,UCEC
MACF1,2.0,1.0,1.0,4.0,UCEC
NOTCH1,2.0,1.0,1.0,4.0,UCEC
PGR,0.0,3.0,1.0,4.0,UCEC
CACNA1A,1.0,2.0,1.0,4.0,UCEC
FLNA,2.0,0.0,2.0,4.0,UCEC
ARID5B,4.0,0.0,0.0,4.0,UCEC
MYC,1.0,1.0,1.0,3.0,UCEC
RPL22,1.0,2.0,0.0,3.0,UCEC
EPHA3,2.0,1.0,0.0,3.0,UCEC
EPHA2,3.0,0.0,0.0,3.0,UCEC
EPAS1,0.0,2.0,1.0,3.0,UCEC
KIF1A,3.0,0.0,0.0,3.0,UCEC
TERT,3.0,0.0,0.0,3.0,UCEC
RNF43,2.0,1.0,0.0,3.0,UCEC
MCL1,1.0,2.0,0.0,3.0,UCEC
CTNNB1,3.0,0.0,0.0,3.0,UCEC
MAP3K4,0.0,3.0,0.0,3.0,UCEC
CUL3,1.0,0.0,2.0,3.0,UCEC
EGFR,1.0,0.0,2.0,3.0,UCEC
KMT2A,2.0,0.0,1.0,3.0,UCEC
MAP2K1,2.0,0.0,1.0,3.0,UCEC
DAZAP1,1.0,2.0,0.0,3.0,UCEC
ZFHX3,2.0,1.0,0.0,3.0,UCEC
KMT2C,2.0,1.0,0.0,3.0,UCEC
DMD,2.0,0.0,1.0,3.0,UCEC
ERBB3,2.0,1.0,0.0,3.0,UCEC
GNAS,2.0,0.0,1.0,3.0,UCEC
JAK3,1.0,0.0,2.0,3.0,UCEC
CCNE1,2.0,1.0,0.0,3.0,UCEC
SIN3A,1.0,0.0,2.0,3.0,UCEC
FAT1,0.0,1.0,2.0,3.0,UCEC
CARD11,2.0,1.0,0.0,3.0,UCEC
FBXW7,2.0,0.0,1.0,3.0,UCEC
IRF6,3.0,0.0,0.0,3.0,UCEC
FOXA2,1.0,1.0,1.0,3.0,UCEC
RIT1,1.0,2.0,0.0,3.0,UCEC
AXIN2,0.0,0.0,3.0,3.0,UCEC
ACVR1,1.0,2.0,0.0,3.0,UCEC
ZMYM3,1.0,1.0,1.0,3.0,UCEC
PPP2R1A,2.0,0.0,1.0,3.0,UCEC
SF1,1.0,0.0,1.0,2.0,UCEC
SETD2,2.0,0.0,0.0,2.0,UCEC
RNF111,1.0,1.0,0.0,2.0,UCEC
ZMYM2,2.0,0.0,0.0,2.0,UCEC
RXRA,1.0,1.0,0.0,2.0,UCEC
JAK1,1.0,0.0,1.0,2.0,UCEC
KANSL1,1.0,0.0,1.0,2.0,UCEC
SETBP1,0.0,0.0,2.0,2.0,UCEC
POLQ,0.0,2.0,0.0,2.0,UCEC
PIK3R2,1.0,0.0,1.0,2.0,UCEC
PIK3R1,2.0,0.0,0.0,2.0,UCEC
PPM1D,1.0,0.0,1.0,2.0,UCEC
PDS5B,0.0,1.0,1.0,2.0,UCEC
PBRM1,0.0,0.0,2.0,2.0,UCEC
PSIP1,1.0,0.0,1.0,2.0,UCEC
NSD1,2.0,0.0,0.0,2.0,UCEC
AKT1,1.0,0.0,1.0,2.0,UCEC
PTPDC1,0.0,1.0,1.0,2.0,UCEC
USP9X,2.0,0.0,0.0,2.0,UCEC
NIPBL,2.0,0.0,0.0,2.0,UCEC
NFE2L2,2.0,0.0,0.0,2.0,UCEC
GRIN2D,0.0,0.0,2.0,2.0,UCEC
MYH9,2.0,0.0,0.0,2.0,UCEC
MUC6,2.0,0.0,0.0,2.0,UCEC
MSH2,2.0,0.0,0.0,2.0,UCEC
RB1,1.0,0.0,1.0,2.0,UCEC
MGA,1.0,1.0,0.0,2.0,UCEC
MET,1.0,1.0,0.0,2.0,UCEC
MEN1,2.0,0.0,0.0,2.0,UCEC
MED12,0.0,2.0,0.0,2.0,UCEC
RBM10,1.0,0.0,1.0,2.0,UCEC
MAP3K1,0.0,2.0,0.0,2.0,UCEC
RET,1.0,0.0,1.0,2.0,UCEC
ZC3H12A,1.0,0.0,1.0,2.0,UCEC
LATS1,1.0,0.0,1.0,2.0,UCEC
UNCX,0.0,1.0,1.0,2.0,UCEC
PTPRD,1.0,0.0,1.0,2.0,UCEC
SPOP,1.0,0.0,1.0,2.0,UCEC
SPTA1,1.0,1.0,0.0,2.0,UCEC
DNMT3A,2.0,0.0,0.0,2.0,UCEC
TSC1,1.0,1.0,0.0,2.0,UCEC
DHX9,0.0,1.0,1.0,2.0,UCEC
BRCA2,1.0,1.0,0.0,2.0,UCEC
DDX3X,1.0,1.0,0.0,2.0,UCEC
DACH1,0.0,0.0,2.0,2.0,UCEC
TXNIP,1.0,0.0,1.0,2.0,UCEC
ATF7IP,0.0,1.0,1.0,2.0,UCEC
EGR3,0.0,1.0,1.0,2.0,UCEC
TBX3,1.0,0.0,1.0,2.0,UCEC
ZNF750,0.0,1.0,1.0,2.0,UCEC
TERC,1.0,1.0,0.0,2.0,UCEC
COL5A1,2.0,0.0,0.0,2.0,UCEC
TET2,1.0,0.0,1.0,2.0,UCEC
CIC,1.0,1.0,0.0,2.0,UCEC
ZBTB20,2.0,0.0,0.0,2.0,UCEC
CHD4,2.0,0.0,0.0,2.0,UCEC
CASP8,1.0,0.0,1.0,2.0,UCEC
CHD3,2.0,0.0,0.0,2.0,UCEC
CUL1,1.0,0.0,1.0,2.0,UCEC
SMARCA4,1.0,0.0,1.0,2.0,UCEC
FOXQ1,1.0,0.0,1.0,2.0,UCEC
FOXA1,2.0,0.0,0.0,2.0,UCEC
ATRX,1.0,1.0,0.0,2.0,UCEC
ARAF,2.0,0.0,0.0,2.0,UCEC
AR,1.0,0.0,1.0,2.0,UCEC
APC,1.0,1.0,0.0,2.0,UCEC
SMC1A,2.0,0.0,0.0,2.0,UCEC
AMER1,2.0,0.0,0.0,2.0,UCEC
ALK,1.0,0.0,1.0,2.0,UCEC
ATM,2.0,0.0,0.0,2.0,UCEC
EP300,1.0,1.0,0.0,2.0,UCEC
ERBB2,1.0,0.0,1.0,2.0,UCEC
SOX9,1.0,0.0,1.0,2.0,UCEC
ELF3,0.0,2.0,0.0,2.0,UCEC
SOX17,0.0,0.0,2.0,2.0,UCEC
TRAF3,0.0,0.0,1.0,1.0,UCEC
PPP6C,1.0,0.0,0.0,1.0,UCEC
PTCH1,0.0,0.0,1.0,1.0,UCEC
ALB,0.0,1.0,0.0,1.0,UCEC
PRKAR1A,0.0,0.0,1.0,1.0,UCEC
WT1,1.0,0.0,0.0,1.0,UCEC
ARHGAP35,1.0,0.0,0.0,1.0,UCEC
POLE,1.0,0.0,0.0,1.0,UCEC
TNFAIP3,1.0,0.0,0.0,1.0,UCEC
PTPRC,0.0,1.0,0.0,1.0,UCEC
THRAP3,1.0,0.0,0.0,1.0,UCEC
TLR4,0.0,1.0,0.0,1.0,UCEC
SMAD4,0.0,0.0,1.0,1.0,UCEC
SMARCA1,0.0,0.0,1.0,1.0,UCEC
SF3B1,1.0,0.0,0.0,1.0,UCEC
SMARCB1,0.0,1.0,0.0,1.0,UCEC
PMS2,0.0,1.0,0.0,1.0,UCEC
SCAF4,1.0,0.0,0.0,1.0,UCEC
U2AF1,1.0,0.0,0.0,1.0,UCEC
SMC3,0.0,0.0,1.0,1.0,UCEC
SOS1,0.0,0.0,1.0,1.0,UCEC
RUNX1,0.0,0.0,1.0,1.0,UCEC
RRAS2,1.0,0.0,0.0,1.0,UCEC
TCF7L2,1.0,0.0,0.0,1.0,UCEC
RPL5,0.0,1.0,0.0,1.0,UCEC
SPTAN1,1.0,0.0,0.0,1.0,UCEC
STAG2,1.0,0.0,0.0,1.0,UCEC
RHOB,0.0,1.0,0.0,1.0,UCEC
RFC1,0.0,0.0,1.0,1.0,UCEC
TBL1XR1,1.0,0.0,0.0,1.0,UCEC
TSC2,0.0,0.0,1.0,1.0,UCEC
RASA1,0.0,0.0,1.0,1.0,UCEC
RARA,0.0,0.0,1.0,1.0,UCEC
RAF1,0.0,1.0,0.0,1.0,UCEC
TGFBR2,1.0,0.0,0.0,1.0,UCEC
RAD21,1.0,0.0,0.0,1.0,UCEC
RPS6KA3,1.0,0.0,0.0,1.0,UCEC
CDK12,0.0,0.0,1.0,1.0,UCEC
CDK4,1.0,0.0,0.0,1.0,UCEC
CNBD1,0.0,0.0,1.0,1.0,UCEC
CREB3L3,0.0,1.0,0.0,1.0,UCEC
CREBBP,1.0,0.0,0.0,1.0,UCEC
CSDE1,0.0,0.0,1.0,1.0,UCEC
CTNND1,1.0,0.0,0.0,1.0,UCEC
CYLD,0.0,1.0,0.0,1.0,UCEC
XPO1,1.0,0.0,0.0,1.0,UCEC
DIAPH2,0.0,0.0,1.0,1.0,UCEC
DICER1,0.0,0.0,1.0,1.0,UCEC
EEF1A1,1.0,0.0,0.0,1.0,UCEC
EEF2,0.0,0.0,1.0,1.0,UCEC
ERBB4,1.0,0.0,0.0,1.0,UCEC
ERCC2,0.0,0.0,1.0,1.0,UCEC
ESR1,0.0,1.0,0.0,1.0,UCEC
FGFR1,1.0,0.0,0.0,1.0,UCEC
FGFR2,0.0,0.0,1.0,1.0,UCEC
CYSLTR2,1.0,0.0,0.0,1.0,UCEC
ABL1,0.0,0.0,1.0,1.0,UCEC
ACVR2A,1.0,0.0,0.0,1.0,UCEC
ZBTB7B,1.0,0.0,0.0,1.0,UCEC
ZCCHC12,0.0,0.0,1.0,1.0,UCEC
ZNF133,0.0,1.0,0.0,1.0,UCEC
ARID2,1.0,0.0,0.0,1.0,UCEC
ASXL1,0.0,1.0,0.0,1.0,UCEC
ASXL2,0.0,1.0,0.0,1.0,UCEC
ATR,1.0,0.0,0.0,1.0,UCEC
CD70,0.0,0.0,1.0,1.0,UCEC
AXIN1,0.0,0.0,1.0,1.0,UCEC
B2M,1.0,0.0,0.0,1.0,UCEC
BAP1,0.0,0.0,1.0,1.0,UCEC
BCL2L11,0.0,0.0,1.0,1.0,UCEC
BCOR,1.0,0.0,0.0,1.0,UCEC
BRAF,1.0,0.0,0.0,1.0,UCEC
BRCA1,0.0,1.0,0.0,1.0,UCEC
BRD7,0.0,1.0,0.0,1.0,UCEC
CCND1,1.0,0.0,0.0,1.0,UCEC
ATXN3,0.0,0.0,1.0,1.0,UCEC
MAP2K4,0.0,0.0,1.0,1.0,UCEC
MAX,0.0,0.0,1.0,1.0,UCEC
MLH1,1.0,0.0,0.0,1.0,UCEC
MSH3,1.0,0.0,0.0,1.0,UCEC
MSH6,1.0,0.0,0.0,1.0,UCEC
MTOR,0.0,0.0,1.0,1.0,UCEC
MYCN,1.0,0.0,0.0,1.0,UCEC
NCOR1,1.0,0.0,0.0,1.0,UCEC
NF1,1.0,0.0,0.0,1.0,UCEC
FLT3,1.0,0.0,0.0,1.0,UCEC
NPM1,0.0,1.0,0.0,1.0,UCEC
NUP133,1.0,0.0,0.0,1.0,UCEC
NUP93,0.0,0.0,1.0,1.0,UCEC
PAX5,0.0,1.0,0.0,1.0,UCEC
PDGFRA,0.0,0.0,1.0,1.0,UCEC
PHF6,1.0,0.0,0.0,1.0,UCEC
PIK3CB,0.0,1.0,0.0,1.0,UCEC
PLCB4,0.0,0.0,1.0,1.0,UCEC
PLCG1,1.0,0.0,0.0,1.0,UCEC
NOTCH2,1.0,0.0,0.0,1.0,UCEC
FUBP1,0.0,0.0,1.0,1.0,UCEC
GNA13,0.0,0.0,1.0,1.0,UCEC
GNAQ,0.0,0.0,1.0,1.0,UCEC
GTF2I,1.0,0.0,0.0,1.0,UCEC
HGF,0.0,0.0,1.0,1.0,UCEC
HRAS,0.0,1.0,0.0,1.0,UCEC
IDH2,0.0,0.0,1.0,1.0,UCEC
IL6ST,0.0,0.0,1.0,1.0,UCEC
IL7R,0.0,0.0,1.0,1.0,UCEC
LZTR1,0.0,0.0,1.0,1.0,UCEC
JAK2,1.0,0.0,0.0,1.0,UCEC
KDM5C,0.0,1.0,0.0,1.0,UCEC
KDM6A,1.0,0.0,0.0,1.0,UCEC
KEAP1,0.0,0.0,1.0,1.0,UCEC
KEL,0.0,0.0,1.0,1.0,UCEC
KIT,1.0,0.0,0.0,1.0,UCEC
KLF5,0.0,0.0,1.0,1.0,UCEC
KRT222,0.0,0.0,1.0,1.0,UCEC
LATS2,0.0,0.0,1.0,1.0,UCEC
IRF2,1.0,0.0,0.0,1.0,UCEC
CHD4,1.0,0.0,0.0,1.0,UVM
GNAQ,1.0,0.0,0.0,1.0,UVM
KANSL1,0.0,0.0,1.0,1.0,UVM
FGFR3,0.0,1.0,1.0,2.0,WT
BAP1,0.0,1.0,0.0,1.0,WT
BCOR,0.0,1.0,0.0,1.0,WT
BRCA2,0.0,0.0,1.0,1.0,WT
BRCA1,0.0,1.0,0.0,1.0,WT
CDK4,0.0,1.0,0.0,1.0,WT
CTNNB1,1.0,0.0,0.0,1.0,WT
FGFR1,1.0,0.0,0.0,1.0,WT
FGFR2,1.0,0.0,0.0,1.0,WT
GATA4,1.0,0.0,0.0,1.0,WT
IGF2,0.0,1.0,0.0,1.0,WT
KAT6A,1.0,0.0,0.0,1.0,WT
MACF1,0.0,0.0,1.0,1.0,WT
MAP3K4,0.0,1.0,0.0,1.0,WT
MCL1,0.0,1.0,0.0,1.0,WT
MSH2,0.0,0.0,1.0,1.0,WT
MYCN,1.0,0.0,0.0,1.0,WT
PIK3CA,0.0,1.0,0.0,1.0,WT
PPP2R2A,1.0,0.0,0.0,1.0,WT
RIT1,0.0,1.0,0.0,1.0,WT
SF3B1,1.0,0.0,0.0,1.0,WT
TERT,0.0,1.0,0.0,1.0,WT
TP53,1.0,0.0,0.0,1.0,WT
WT1,1.0,0.0,0.0,1.0,WT
ZNF703,1.0,0.0,0.0,1.0,WT
