gene,frequency_HCMI,frequency_TCGA,cancer_type,n_HCMI,n_TCGA
APC,0.8452380952380952,0.8181818181818182,COAD,84,22
TP53,0.75,0.5909090909090909,COAD,84,22
KRAS,0.36904761904761907,0.5,COAD,84,22
MYC,0.2261904761904762,0.045454545454545456,COAD,84,22
PIK3CA,0.21428571428571427,0.22727272727272727,COAD,84,22
DMD,0.16666666666666666,0.18181818181818182,COAD,84,22
SMAD4,0.14285714285714285,0.045454545454545456,COAD,84,22
TCF7L2,0.14285714285714285,0.13636363636363635,COAD,84,22
AMER1,0.13095238095238096,0.13636363636363635,COAD,84,22
GNAS,0.13095238095238096,0.13636363636363635,COAD,84,22
SPTA1,0.11904761904761904,0.09090909090909091,COAD,84,22
EPHA2,0.11904761904761904,0.045454545454545456,COAD,84,22
FGFR1,0.11904761904761904,0.09090909090909091,COAD,84,22
KMT2D,0.11904761904761904,0.13636363636363635,COAD,84,22
ARID1A,0.11904761904761904,0.09090909090909091,COAD,84,22
CHD3,0.10714285714285714,0.045454545454545456,COAD,84,22
PGR,0.10714285714285714,0.09090909090909091,COAD,84,22
SMARCA4,0.10714285714285714,0.09090909090909091,COAD,84,22
MACF1,0.10714285714285714,0.09090909090909091,COAD,84,22
SOX9,0.10714285714285714,0.13636363636363635,COAD,84,22
CREBBP,0.10714285714285714,0.09090909090909091,COAD,84,22
ELF3,0.09523809523809523,0.045454545454545456,COAD,84,22
KMT2B,0.09523809523809523,0.18181818181818182,COAD,84,22
COL5A1,0.09523809523809523,0.22727272727272727,COAD,84,22
ACVR2A,0.08333333333333333,0.18181818181818182,COAD,84,22
FBXW7,0.08333333333333333,0.13636363636363635,COAD,84,22
NOTCH1,0.08333333333333333,0.045454545454545456,COAD,84,22
MYH9,0.08333333333333333,0.045454545454545456,COAD,84,22
ATM,0.08333333333333333,0.09090909090909091,COAD,84,22
RNF43,0.08333333333333333,0.13636363636363635,COAD,84,22
FLNA,0.08333333333333333,0.09090909090909091,COAD,84,22
CHD4,0.08333333333333333,0.13636363636363635,COAD,84,22
CHD8,0.08333333333333333,0.09090909090909091,COAD,84,22
ZFP36L2,0.08333333333333333,0.09090909090909091,COAD,84,22
NIPBL,0.08333333333333333,0.22727272727272727,COAD,84,22
ZFHX3,0.08333333333333333,0.09090909090909091,COAD,84,22
CACNA1A,0.08333333333333333,0.09090909090909091,COAD,84,22
EP300,0.07142857142857142,0.13636363636363635,COAD,84,22
KDM5C,0.07142857142857142,0.09090909090909091,COAD,84,22
ALK,0.07142857142857142,0.13636363636363635,COAD,84,22
KIF1A,0.07142857142857142,0.13636363636363635,COAD,84,22
CTNNB1,0.07142857142857142,0.09090909090909091,COAD,84,22
PIK3CB,0.07142857142857142,0.09090909090909091,COAD,84,22
MECOM,0.07142857142857142,0.13636363636363635,COAD,84,22
TAF1,0.07142857142857142,0.045454545454545456,COAD,84,22
ATRX,0.07142857142857142,0.13636363636363635,COAD,84,22
BRAF,0.07142857142857142,0.09090909090909091,COAD,84,22
EPAS1,0.05952380952380952,0.045454545454545456,COAD,84,22
SMARCB1,0.05952380952380952,0.045454545454545456,COAD,84,22
SCAF4,0.05952380952380952,0.18181818181818182,COAD,84,22
SF1,0.05952380952380952,0.09090909090909091,COAD,84,22
PTPRC,0.05952380952380952,0.13636363636363635,COAD,84,22
KMT2A,0.05952380952380952,0.09090909090909091,COAD,84,22
KMT2C,0.05952380952380952,0.09090909090909091,COAD,84,22
ZBTB7B,0.05952380952380952,0.045454545454545456,COAD,84,22
PIK3CG,0.05952380952380952,0.045454545454545456,COAD,84,22
HUWE1,0.05952380952380952,0.045454545454545456,COAD,84,22
SOX17,0.05952380952380952,0.045454545454545456,COAD,84,22
PTCH1,0.05952380952380952,0.13636363636363635,COAD,84,22
JAK2,0.05952380952380952,0.045454545454545456,COAD,84,22
HLA-A,0.05952380952380952,0.045454545454545456,COAD,84,22
NOTCH2,0.05952380952380952,0.045454545454545456,COAD,84,22
ARID2,0.05952380952380952,0.09090909090909091,COAD,84,22
ASXL1,0.05952380952380952,0.09090909090909091,COAD,84,22
BCOR,0.05952380952380952,0.09090909090909091,COAD,84,22
EZH2,0.05952380952380952,0.045454545454545456,COAD,84,22
CSDE1,0.047619047619047616,0.045454545454545456,COAD,84,22
ERBB4,0.047619047619047616,0.13636363636363635,COAD,84,22
CDK12,0.047619047619047616,0.045454545454545456,COAD,84,22
FAT1,0.047619047619047616,0.045454545454545456,COAD,84,22
HLA-B,0.047619047619047616,0.045454545454545456,COAD,84,22
KDM6A,0.047619047619047616,0.045454545454545456,COAD,84,22
CIC,0.047619047619047616,0.045454545454545456,COAD,84,22
ZMYM2,0.047619047619047616,0.045454545454545456,COAD,84,22
TSC1,0.047619047619047616,0.045454545454545456,COAD,84,22
TSC2,0.047619047619047616,0.09090909090909091,COAD,84,22
PDS5B,0.047619047619047616,0.045454545454545456,COAD,84,22
TGFBR2,0.047619047619047616,0.13636363636363635,COAD,84,22
TBX3,0.047619047619047616,0.09090909090909091,COAD,84,22
MSH3,0.047619047619047616,0.13636363636363635,COAD,84,22
NF1,0.047619047619047616,0.09090909090909091,COAD,84,22
MGA,0.047619047619047616,0.09090909090909091,COAD,84,22
RPL22,0.047619047619047616,0.045454545454545456,COAD,84,22
PTEN,0.047619047619047616,0.045454545454545456,COAD,84,22
POLE,0.047619047619047616,0.13636363636363635,COAD,84,22
SETBP1,0.047619047619047616,0.045454545454545456,COAD,84,22
SETD2,0.047619047619047616,0.045454545454545456,COAD,84,22
SF3B1,0.047619047619047616,0.09090909090909091,COAD,84,22
EPHA3,0.047619047619047616,0.09090909090909091,COAD,84,22
PTPN11,0.03571428571428571,0.045454545454545456,COAD,84,22
PLCG1,0.03571428571428571,0.045454545454545456,COAD,84,22
PLXNB2,0.03571428571428571,0.045454545454545456,COAD,84,22
LATS1,0.03571428571428571,0.09090909090909091,COAD,84,22
POLQ,0.03571428571428571,0.09090909090909091,COAD,84,22
SIN3A,0.03571428571428571,0.045454545454545456,COAD,84,22
SMAD2,0.03571428571428571,0.13636363636363635,COAD,84,22
RUNX1,0.03571428571428571,0.045454545454545456,COAD,84,22
NUP93,0.03571428571428571,0.045454545454545456,COAD,84,22
PAX5,0.03571428571428571,0.045454545454545456,COAD,84,22
MAP2K1,0.03571428571428571,0.045454545454545456,COAD,84,22
MAP2K4,0.03571428571428571,0.045454545454545456,COAD,84,22
MED12,0.03571428571428571,0.09090909090909091,COAD,84,22
TBL1XR1,0.03571428571428571,0.045454545454545456,COAD,84,22
PMS1,0.03571428571428571,0.045454545454545456,COAD,84,22
PMS2,0.03571428571428571,0.045454545454545456,COAD,84,22
PIK3R1,0.03571428571428571,0.09090909090909091,COAD,84,22
MSH6,0.03571428571428571,0.09090909090909091,COAD,84,22
ZBTB20,0.03571428571428571,0.045454545454545456,COAD,84,22
SOS1,0.03571428571428571,0.045454545454545456,COAD,84,22
GATA3,0.03571428571428571,0.045454545454545456,COAD,84,22
GRIN2D,0.03571428571428571,0.13636363636363635,COAD,84,22
PPP2R1A,0.03571428571428571,0.045454545454545456,COAD,84,22
HGF,0.03571428571428571,0.045454545454545456,COAD,84,22
BAP1,0.03571428571428571,0.045454545454545456,COAD,84,22
ARID5B,0.03571428571428571,0.045454545454545456,COAD,84,22
AXIN2,0.03571428571428571,0.09090909090909091,COAD,84,22
CNBD1,0.03571428571428571,0.09090909090909091,COAD,84,22
CARD11,0.03571428571428571,0.09090909090909091,COAD,84,22
CTCF,0.03571428571428571,0.045454545454545456,COAD,84,22
INPPL1,0.03571428571428571,0.09090909090909091,COAD,84,22
EGFR,0.03571428571428571,0.045454545454545456,COAD,84,22
CUL1,0.03571428571428571,0.045454545454545456,COAD,84,22
ERBB3,0.03571428571428571,0.13636363636363635,COAD,84,22
KIT,0.023809523809523808,0.09090909090909091,COAD,84,22
IDH2,0.023809523809523808,0.045454545454545456,COAD,84,22
IRF6,0.023809523809523808,0.045454545454545456,COAD,84,22
DHX9,0.023809523809523808,0.09090909090909091,COAD,84,22
ARHGAP35,0.023809523809523808,0.13636363636363635,COAD,84,22
ASXL2,0.023809523809523808,0.045454545454545456,COAD,84,22
ATXN3,0.023809523809523808,0.045454545454545456,COAD,84,22
ACVR1B,0.023809523809523808,0.045454545454545456,COAD,84,22
AR,0.023809523809523808,0.045454545454545456,COAD,84,22
MAP3K4,0.023809523809523808,0.09090909090909091,COAD,84,22
MAP3K1,0.023809523809523808,0.09090909090909091,COAD,84,22
MEN1,0.023809523809523808,0.045454545454545456,COAD,84,22
NSD1,0.023809523809523808,0.09090909090909091,COAD,84,22
NUP133,0.023809523809523808,0.09090909090909091,COAD,84,22
MTOR,0.023809523809523808,0.09090909090909091,COAD,84,22
MUC6,0.023809523809523808,0.13636363636363635,COAD,84,22
PIM1,0.023809523809523808,0.045454545454545456,COAD,84,22
KRT222,0.023809523809523808,0.045454545454545456,COAD,84,22
PDGFRA,0.023809523809523808,0.09090909090909091,COAD,84,22
PSIP1,0.023809523809523808,0.045454545454545456,COAD,84,22
PTPRD,0.023809523809523808,0.09090909090909091,COAD,84,22
RB1,0.023809523809523808,0.22727272727272727,COAD,84,22
SMC3,0.023809523809523808,0.045454545454545456,COAD,84,22
XPO1,0.023809523809523808,0.045454545454545456,COAD,84,22
ZC3H12A,0.023809523809523808,0.045454545454545456,COAD,84,22
TGIF1,0.023809523809523808,0.045454545454545456,COAD,84,22
TCF12,0.023809523809523808,0.045454545454545456,COAD,84,22
ZMYM3,0.023809523809523808,0.045454545454545456,COAD,84,22
FGFR3,0.023809523809523808,0.09090909090909091,COAD,84,22
CTNND1,0.023809523809523808,0.09090909090909091,COAD,84,22
B2M,0.023809523809523808,0.09090909090909091,COAD,84,22
ESR1,0.023809523809523808,0.045454545454545456,COAD,84,22
BRCA1,0.023809523809523808,0.09090909090909091,COAD,84,22
BRCA2,0.023809523809523808,0.09090909090909091,COAD,84,22
DICER1,0.023809523809523808,0.045454545454545456,COAD,84,22
SPTAN1,0.011904761904761904,0.045454545454545456,COAD,84,22
TLR4,0.011904761904761904,0.045454545454545456,COAD,84,22
POLRMT,0.011904761904761904,0.09090909090909091,COAD,84,22
PPP6C,0.011904761904761904,0.09090909090909091,COAD,84,22
RPS6KA3,0.011904761904761904,0.045454545454545456,COAD,84,22
RASA1,0.011904761904761904,0.09090909090909091,COAD,84,22
RBM10,0.011904761904761904,0.045454545454545456,COAD,84,22
RET,0.011904761904761904,0.09090909090909091,COAD,84,22
RFC1,0.011904761904761904,0.045454545454545456,COAD,84,22
DDX3X,0.011904761904761904,0.045454545454545456,COAD,84,22
JAK3,0.011904761904761904,0.045454545454545456,COAD,84,22
KANSL1,0.011904761904761904,0.09090909090909091,COAD,84,22
IRF2,0.011904761904761904,0.09090909090909091,COAD,84,22
LATS2,0.011904761904761904,0.045454545454545456,COAD,84,22
PIK3R2,0.011904761904761904,0.045454545454545456,COAD,84,22
PLCB4,0.011904761904761904,0.13636363636363635,COAD,84,22
MET,0.011904761904761904,0.09090909090909091,COAD,84,22
MSH2,0.011904761904761904,0.09090909090909091,COAD,84,22
EEF2,0.011904761904761904,0.045454545454545456,COAD,84,22
EGR3,0.011904761904761904,0.09090909090909091,COAD,84,22
CYLD,0.011904761904761904,0.09090909090909091,COAD,84,22
JAK1,0.011904761904761904,0.045454545454545456,COAD,84,22
GPS2,0.011904761904761904,0.045454545454545456,COAD,84,22
GNA11,0.011904761904761904,0.045454545454545456,COAD,84,22
ATF7IP,0.011904761904761904,0.045454545454545456,COAD,84,22
ATR,0.011904761904761904,0.045454545454545456,COAD,84,22
AXIN1,0.011904761904761904,0.09090909090909091,COAD,84,22
ABL1,0.011904761904761904,0.045454545454545456,COAD,84,22
AKT1,0.011904761904761904,0.09090909090909091,COAD,84,22
KRAS,0.8620689655172413,0.5873015873015873,PAAD,58,126
TP53,0.8275862068965517,0.5396825396825397,PAAD,58,126
CDKN2A,0.6551724137931034,0.36507936507936506,PAAD,58,126
SMAD4,0.3620689655172414,0.29365079365079366,PAAD,58,126
MYC,0.15517241379310345,0.11904761904761904,PAAD,58,126
KMT2D,0.13793103448275862,0.03968253968253968,PAAD,58,126
GATA6,0.1206896551724138,0.1111111111111111,PAAD,58,126
ARID1A,0.1206896551724138,0.05555555555555555,PAAD,58,126
ACVR2A,0.08620689655172414,0.007936507936507936,PAAD,58,126
KMT2C,0.08620689655172414,0.031746031746031744,PAAD,58,126
TGFBR2,0.08620689655172414,0.031746031746031744,PAAD,58,126
RNF43,0.08620689655172414,0.07142857142857142,PAAD,58,126
PLXNB2,0.06896551724137931,0.023809523809523808,PAAD,58,126
GNAS,0.06896551724137931,0.03968253968253968,PAAD,58,126
ATM,0.06896551724137931,0.03968253968253968,PAAD,58,126
MUC6,0.05172413793103448,0.023809523809523808,PAAD,58,126
MYH9,0.05172413793103448,0.007936507936507936,PAAD,58,126
MACF1,0.05172413793103448,0.015873015873015872,PAAD,58,126
ERBB4,0.05172413793103448,0.015873015873015872,PAAD,58,126
SF1,0.05172413793103448,0.015873015873015872,PAAD,58,126
SPTA1,0.05172413793103448,0.023809523809523808,PAAD,58,126
STK11,0.05172413793103448,0.023809523809523808,PAAD,58,126
SETD2,0.034482758620689655,0.015873015873015872,PAAD,58,126
SMARCA1,0.034482758620689655,0.015873015873015872,PAAD,58,126
KMT2B,0.034482758620689655,0.023809523809523808,PAAD,58,126
MAP2K4,0.034482758620689655,0.031746031746031744,PAAD,58,126
KDM6A,0.034482758620689655,0.06349206349206349,PAAD,58,126
NOTCH1,0.034482758620689655,0.015873015873015872,PAAD,58,126
NOTCH2,0.034482758620689655,0.007936507936507936,PAAD,58,126
PBRM1,0.034482758620689655,0.015873015873015872,PAAD,58,126
PDGFRA,0.034482758620689655,0.015873015873015872,PAAD,58,126
MTOR,0.034482758620689655,0.023809523809523808,PAAD,58,126
ERBB2,0.034482758620689655,0.03968253968253968,PAAD,58,126
CIC,0.034482758620689655,0.007936507936507936,PAAD,58,126
CTNNB1,0.034482758620689655,0.023809523809523808,PAAD,58,126
CTNND1,0.034482758620689655,0.007936507936507936,PAAD,58,126
EGFR,0.034482758620689655,0.007936507936507936,PAAD,58,126
ACVR1B,0.034482758620689655,0.007936507936507936,PAAD,58,126
APC,0.034482758620689655,0.031746031746031744,PAAD,58,126
BRAF,0.034482758620689655,0.023809523809523808,PAAD,58,126
AMER1,0.034482758620689655,0.015873015873015872,PAAD,58,126
POLE,0.034482758620689655,0.015873015873015872,PAAD,58,126
CARD11,0.017241379310344827,0.015873015873015872,PAAD,58,126
CDK12,0.017241379310344827,0.007936507936507936,PAAD,58,126
CHD3,0.017241379310344827,0.015873015873015872,PAAD,58,126
CHD4,0.017241379310344827,0.023809523809523808,PAAD,58,126
ASXL2,0.017241379310344827,0.007936507936507936,PAAD,58,126
ATR,0.017241379310344827,0.023809523809523808,PAAD,58,126
BCOR,0.017241379310344827,0.007936507936507936,PAAD,58,126
BRCA2,0.017241379310344827,0.007936507936507936,PAAD,58,126
CACNA1A,0.017241379310344827,0.015873015873015872,PAAD,58,126
ELF3,0.017241379310344827,0.015873015873015872,PAAD,58,126
EP300,0.017241379310344827,0.015873015873015872,PAAD,58,126
EPAS1,0.017241379310344827,0.007936507936507936,PAAD,58,126
CNBD1,0.017241379310344827,0.007936507936507936,PAAD,58,126
COL5A1,0.017241379310344827,0.031746031746031744,PAAD,58,126
CREBBP,0.017241379310344827,0.015873015873015872,PAAD,58,126
FGFR2,0.017241379310344827,0.015873015873015872,PAAD,58,126
FGFR3,0.017241379310344827,0.007936507936507936,PAAD,58,126
GABRA6,0.017241379310344827,0.007936507936507936,PAAD,58,126
DICER1,0.017241379310344827,0.023809523809523808,PAAD,58,126
DMD,0.017241379310344827,0.023809523809523808,PAAD,58,126
DNMT3A,0.017241379310344827,0.031746031746031744,PAAD,58,126
EEF2,0.017241379310344827,0.015873015873015872,PAAD,58,126
HLA-A,0.017241379310344827,0.007936507936507936,PAAD,58,126
HRAS,0.017241379310344827,0.007936507936507936,PAAD,58,126
INPPL1,0.017241379310344827,0.007936507936507936,PAAD,58,126
IRF6,0.017241379310344827,0.007936507936507936,PAAD,58,126
JAK3,0.017241379310344827,0.007936507936507936,PAAD,58,126
FBXW7,0.017241379310344827,0.031746031746031744,PAAD,58,126
KIF1A,0.017241379310344827,0.031746031746031744,PAAD,58,126
KIT,0.017241379310344827,0.015873015873015872,PAAD,58,126
KLF5,0.017241379310344827,0.015873015873015872,PAAD,58,126
MSH6,0.017241379310344827,0.007936507936507936,PAAD,58,126
NCOR1,0.017241379310344827,0.007936507936507936,PAAD,58,126
LATS1,0.017241379310344827,0.015873015873015872,PAAD,58,126
MAP3K4,0.017241379310344827,0.007936507936507936,PAAD,58,126
KANSL1,0.017241379310344827,0.015873015873015872,PAAD,58,126
KDM5C,0.017241379310344827,0.007936507936507936,PAAD,58,126
CUL3,0.017241379310344827,0.007936507936507936,PAAD,58,126
DDX3X,0.017241379310344827,0.007936507936507936,PAAD,58,126
NFE2L2,0.017241379310344827,0.007936507936507936,PAAD,58,126
NIPBL,0.017241379310344827,0.015873015873015872,PAAD,58,126
NSD1,0.017241379310344827,0.007936507936507936,PAAD,58,126
PAX5,0.017241379310344827,0.007936507936507936,PAAD,58,126
MECOM,0.017241379310344827,0.015873015873015872,PAAD,58,126
PIK3R1,0.017241379310344827,0.007936507936507936,PAAD,58,126
RBM10,0.017241379310344827,0.007936507936507936,PAAD,58,126
RET,0.017241379310344827,0.007936507936507936,PAAD,58,126
RNF111,0.017241379310344827,0.015873015873015872,PAAD,58,126
PGR,0.017241379310344827,0.007936507936507936,PAAD,58,126
PIK3CA,0.017241379310344827,0.023809523809523808,PAAD,58,126
PIK3CG,0.017241379310344827,0.023809523809523808,PAAD,58,126
TAF1,0.017241379310344827,0.007936507936507936,PAAD,58,126
TET2,0.017241379310344827,0.007936507936507936,PAAD,58,126
ZFHX3,0.017241379310344827,0.023809523809523808,PAAD,58,126
SCAF4,0.017241379310344827,0.007936507936507936,PAAD,58,126
SOS1,0.017241379310344827,0.007936507936507936,PAAD,58,126
PTPRD,0.017241379310344827,0.015873015873015872,PAAD,58,126
KMT2A,0.017241379310344827,0.031746031746031744,PAAD,58,126
ZMYM3,0.017241379310344827,0.023809523809523808,PAAD,58,126
CDKN2A,0.6222222222222222,0.5454545454545454,GBM,45,11
PTEN,0.5333333333333333,0.36363636363636365,GBM,45,11
EGFR,0.5333333333333333,1.0,GBM,45,11
TP53,0.4666666666666667,0.18181818181818182,GBM,45,11
NF1,0.17777777777777778,0.18181818181818182,GBM,45,11
CDK4,0.08888888888888889,0.09090909090909091,GBM,45,11
MDM4,0.08888888888888889,0.18181818181818182,GBM,45,11
PIK3R1,0.08888888888888889,0.09090909090909091,GBM,45,11
CIC,0.06666666666666667,0.09090909090909091,GBM,45,11
FBXW7,0.044444444444444446,0.09090909090909091,GBM,45,11
CHD8,0.044444444444444446,0.09090909090909091,GBM,45,11
PIK3CA,0.044444444444444446,0.09090909090909091,GBM,45,11
PIK3CG,0.044444444444444446,0.09090909090909091,GBM,45,11
USP9X,0.044444444444444446,0.09090909090909091,GBM,45,11
STAG2,0.044444444444444446,0.18181818181818182,GBM,45,11
ATRX,0.044444444444444446,0.2727272727272727,GBM,45,11
IDH1,0.022222222222222223,0.09090909090909091,GBM,45,11
CCND2,0.022222222222222223,0.18181818181818182,GBM,45,11
MDM2,0.022222222222222223,0.09090909090909091,GBM,45,11
KRAS,0.022222222222222223,0.09090909090909091,GBM,45,11
MYH9,0.022222222222222223,0.09090909090909091,GBM,45,11
PIK3R2,0.022222222222222223,0.09090909090909091,GBM,45,11
KDM6A,0.022222222222222223,0.09090909090909091,GBM,45,11
TCF12,0.022222222222222223,0.09090909090909091,GBM,45,11
SOX9,0.022222222222222223,0.09090909090909091,GBM,45,11
TP53,0.8108108108108109,0.8235294117647058,ESCA,37,17
CDKN2A,0.2972972972972973,0.6470588235294118,ESCA,37,17
CDK6,0.1891891891891892,0.058823529411764705,ESCA,37,17
KRAS,0.1891891891891892,0.058823529411764705,ESCA,37,17
CCND1,0.16216216216216217,0.47058823529411764,ESCA,37,17
PIK3CA,0.10810810810810811,0.11764705882352941,ESCA,37,17
DMD,0.10810810810810811,0.058823529411764705,ESCA,37,17
EGFR,0.10810810810810811,0.23529411764705882,ESCA,37,17
GABRA6,0.08108108108108109,0.058823529411764705,ESCA,37,17
SMAD4,0.08108108108108109,0.058823529411764705,ESCA,37,17
POLQ,0.08108108108108109,0.058823529411764705,ESCA,37,17
NSD1,0.05405405405405406,0.058823529411764705,ESCA,37,17
BRCA1,0.05405405405405406,0.058823529411764705,ESCA,37,17
CHD8,0.05405405405405406,0.058823529411764705,ESCA,37,17
EP300,0.05405405405405406,0.11764705882352941,ESCA,37,17
PLXNB2,0.05405405405405406,0.058823529411764705,ESCA,37,17
USP9X,0.02702702702702703,0.058823529411764705,ESCA,37,17
XPO1,0.02702702702702703,0.058823529411764705,ESCA,37,17
ZFHX3,0.02702702702702703,0.058823529411764705,ESCA,37,17
ZNF750,0.02702702702702703,0.058823529411764705,ESCA,37,17
PLCG1,0.02702702702702703,0.058823529411764705,ESCA,37,17
POLE,0.02702702702702703,0.058823529411764705,ESCA,37,17
SETBP1,0.02702702702702703,0.058823529411764705,ESCA,37,17
PTEN,0.02702702702702703,0.058823529411764705,ESCA,37,17
PTPRD,0.02702702702702703,0.058823529411764705,ESCA,37,17
KDM6A,0.02702702702702703,0.11764705882352941,ESCA,37,17
KEAP1,0.02702702702702703,0.058823529411764705,ESCA,37,17
MTOR,0.02702702702702703,0.058823529411764705,ESCA,37,17
MYCN,0.02702702702702703,0.058823529411764705,ESCA,37,17
NCOR1,0.02702702702702703,0.058823529411764705,ESCA,37,17
MAP3K1,0.02702702702702703,0.058823529411764705,ESCA,37,17
KMT2D,0.02702702702702703,0.058823529411764705,ESCA,37,17
KAT6A,0.02702702702702703,0.29411764705882354,ESCA,37,17
HUWE1,0.02702702702702703,0.058823529411764705,ESCA,37,17
FGFR1,0.02702702702702703,0.23529411764705882,ESCA,37,17
ARAF,0.02702702702702703,0.058823529411764705,ESCA,37,17
BRAF,0.52,0.8235294117647058,SKCM,25,17
CDKN2A,0.44,0.23529411764705882,SKCM,25,17
KMT2C,0.36,0.17647058823529413,SKCM,25,17
NF1,0.36,0.29411764705882354,SKCM,25,17
SPTA1,0.28,0.4117647058823529,SKCM,25,17
ERBB4,0.28,0.23529411764705882,SKCM,25,17
COL5A1,0.28,0.058823529411764705,SKCM,25,17
NRAS,0.24,0.23529411764705882,SKCM,25,17
TLR4,0.24,0.11764705882352941,SKCM,25,17
PTPRD,0.24,0.17647058823529413,SKCM,25,17
DMD,0.2,0.058823529411764705,SKCM,25,17
KMT2D,0.2,0.17647058823529413,SKCM,25,17
IL7R,0.2,0.058823529411764705,SKCM,25,17
MECOM,0.2,0.11764705882352941,SKCM,25,17
RET,0.16,0.11764705882352941,SKCM,25,17
KEL,0.16,0.17647058823529413,SKCM,25,17
PLCB4,0.16,0.17647058823529413,SKCM,25,17
CACNA1A,0.16,0.11764705882352941,SKCM,25,17
CHD8,0.16,0.11764705882352941,SKCM,25,17
MACF1,0.16,0.17647058823529413,SKCM,25,17
ASXL2,0.16,0.058823529411764705,SKCM,25,17
GRIN2D,0.12,0.058823529411764705,SKCM,25,17
MGA,0.12,0.11764705882352941,SKCM,25,17
MYH9,0.12,0.058823529411764705,SKCM,25,17
ARID1A,0.12,0.058823529411764705,SKCM,25,17
ARID2,0.12,0.23529411764705882,SKCM,25,17
BAP1,0.12,0.058823529411764705,SKCM,25,17
KMT2A,0.12,0.058823529411764705,SKCM,25,17
LATS2,0.12,0.058823529411764705,SKCM,25,17
FLT3,0.12,0.17647058823529413,SKCM,25,17
JAK3,0.12,0.058823529411764705,SKCM,25,17
APC,0.12,0.058823529411764705,SKCM,25,17
ALK,0.12,0.17647058823529413,SKCM,25,17
CREB3L3,0.12,0.058823529411764705,SKCM,25,17
CIC,0.12,0.058823529411764705,SKCM,25,17
CREBBP,0.12,0.17647058823529413,SKCM,25,17
EPHA2,0.12,0.058823529411764705,SKCM,25,17
ZFHX3,0.12,0.17647058823529413,SKCM,25,17
PDGFRA,0.12,0.17647058823529413,SKCM,25,17
PTEN,0.12,0.11764705882352941,SKCM,25,17
SETBP1,0.12,0.11764705882352941,SKCM,25,17
SF3B1,0.12,0.11764705882352941,SKCM,25,17
FGFR2,0.08,0.11764705882352941,SKCM,25,17
DACH1,0.08,0.11764705882352941,SKCM,25,17
EGFR,0.08,0.35294117647058826,SKCM,25,17
CARD11,0.08,0.11764705882352941,SKCM,25,17
DAZAP1,0.08,0.058823529411764705,SKCM,25,17
HRAS,0.08,0.058823529411764705,SKCM,25,17
ATR,0.08,0.058823529411764705,SKCM,25,17
ABL1,0.08,0.11764705882352941,SKCM,25,17
EP300,0.08,0.11764705882352941,SKCM,25,17
KIT,0.08,0.11764705882352941,SKCM,25,17
KRT222,0.08,0.11764705882352941,SKCM,25,17
MAP3K4,0.08,0.058823529411764705,SKCM,25,17
RIT1,0.08,0.058823529411764705,SKCM,25,17
MITF,0.08,0.058823529411764705,SKCM,25,17
FLNA,0.08,0.11764705882352941,SKCM,25,17
NCOR1,0.08,0.17647058823529413,SKCM,25,17
SETD2,0.08,0.058823529411764705,SKCM,25,17
ZBTB20,0.08,0.11764705882352941,SKCM,25,17
TCF7L2,0.08,0.058823529411764705,SKCM,25,17
TET2,0.08,0.058823529411764705,SKCM,25,17
POLRMT,0.08,0.058823529411764705,SKCM,25,17
PTPRC,0.08,0.17647058823529413,SKCM,25,17
NOTCH2,0.08,0.058823529411764705,SKCM,25,17
ZNF750,0.08,0.058823529411764705,SKCM,25,17
DNMT3A,0.04,0.058823529411764705,SKCM,25,17
EGR3,0.04,0.058823529411764705,SKCM,25,17
CYLD,0.04,0.17647058823529413,SKCM,25,17
DDX3X,0.04,0.11764705882352941,SKCM,25,17
CHD3,0.04,0.058823529411764705,SKCM,25,17
ATRX,0.04,0.11764705882352941,SKCM,25,17
ATF7IP,0.04,0.11764705882352941,SKCM,25,17
GNA11,0.04,0.058823529411764705,SKCM,25,17
HUWE1,0.04,0.11764705882352941,SKCM,25,17
ERBB2,0.04,0.058823529411764705,SKCM,25,17
CDK4,0.04,0.058823529411764705,SKCM,25,17
IRF6,0.04,0.11764705882352941,SKCM,25,17
JAK1,0.04,0.058823529411764705,SKCM,25,17
RAC1,0.04,0.11764705882352941,SKCM,25,17
PGR,0.04,0.058823529411764705,SKCM,25,17
PIM1,0.04,0.058823529411764705,SKCM,25,17
POLE,0.04,0.11764705882352941,SKCM,25,17
KDM6A,0.04,0.058823529411764705,SKCM,25,17
KIF1A,0.04,0.11764705882352941,SKCM,25,17
RFC1,0.04,0.058823529411764705,SKCM,25,17
POLQ,0.04,0.11764705882352941,SKCM,25,17
NIPBL,0.04,0.058823529411764705,SKCM,25,17
MAP2K1,0.04,0.11764705882352941,SKCM,25,17
MDM2,0.04,0.11764705882352941,SKCM,25,17
PCBP1,0.04,0.058823529411764705,SKCM,25,17
NSD1,0.04,0.058823529411764705,SKCM,25,17
SPTAN1,0.04,0.058823529411764705,SKCM,25,17
SRSF2,0.04,0.058823529411764705,SKCM,25,17
SMARCA1,0.04,0.058823529411764705,SKCM,25,17
SMARCA4,0.04,0.058823529411764705,SKCM,25,17
TP53,0.5882352941176471,0.125,STAD,17,16
KMT2D,0.35294117647058826,0.1875,STAD,17,16
KRAS,0.35294117647058826,0.375,STAD,17,16
ARID1A,0.23529411764705882,0.4375,STAD,17,16
KMT2C,0.17647058823529413,0.0625,STAD,17,16
MYC,0.17647058823529413,0.1875,STAD,17,16
CDKN2A,0.17647058823529413,0.125,STAD,17,16
EGFR,0.17647058823529413,0.1875,STAD,17,16
ERBB2,0.17647058823529413,0.1875,STAD,17,16
CTNND1,0.17647058823529413,0.0625,STAD,17,16
CCND1,0.17647058823529413,0.125,STAD,17,16
ZFHX3,0.17647058823529413,0.0625,STAD,17,16
CHD8,0.11764705882352941,0.0625,STAD,17,16
CTNNB1,0.11764705882352941,0.25,STAD,17,16
EEF2,0.11764705882352941,0.0625,STAD,17,16
GNAS,0.11764705882352941,0.0625,STAD,17,16
TAF1,0.11764705882352941,0.0625,STAD,17,16
PBRM1,0.11764705882352941,0.0625,STAD,17,16
IL7R,0.11764705882352941,0.125,STAD,17,16
CACNA1A,0.11764705882352941,0.0625,STAD,17,16
FGFR2,0.11764705882352941,0.0625,STAD,17,16
CD44,0.058823529411764705,0.0625,STAD,17,16
ACVR2A,0.058823529411764705,0.1875,STAD,17,16
CHD4,0.058823529411764705,0.1875,STAD,17,16
COL5A1,0.058823529411764705,0.125,STAD,17,16
ARID5B,0.058823529411764705,0.0625,STAD,17,16
ATM,0.058823529411764705,0.1875,STAD,17,16
CCNE1,0.058823529411764705,0.0625,STAD,17,16
ERBB3,0.058823529411764705,0.0625,STAD,17,16
ZMYM2,0.058823529411764705,0.125,STAD,17,16
HLA-B,0.058823529411764705,0.0625,STAD,17,16
HUWE1,0.058823529411764705,0.125,STAD,17,16
JAK3,0.058823529411764705,0.0625,STAD,17,16
KMT2B,0.058823529411764705,0.0625,STAD,17,16
GATA4,0.058823529411764705,0.1875,STAD,17,16
PTPN11,0.058823529411764705,0.0625,STAD,17,16
RPL22,0.058823529411764705,0.125,STAD,17,16
NF1,0.058823529411764705,0.0625,STAD,17,16
PIK3CA,0.058823529411764705,0.25,STAD,17,16
TLR4,0.058823529411764705,0.0625,STAD,17,16
TSC2,0.058823529411764705,0.0625,STAD,17,16
SPTA1,0.058823529411764705,0.0625,STAD,17,16
SPTAN1,0.058823529411764705,0.125,STAD,17,16
TP53,0.5833333333333334,0.5,LUAD,12,2
SPTA1,0.25,0.5,LUAD,12,2
PIK3CG,0.25,0.5,LUAD,12,2
SETBP1,0.16666666666666666,0.5,LUAD,12,2
DDX3X,0.16666666666666666,0.5,LUAD,12,2
CREBBP,0.08333333333333333,0.5,LUAD,12,2
TP53,0.5,0.6363636363636364,BLCA,8,11
KMT2D,0.5,0.2727272727272727,BLCA,8,11
ARID1A,0.25,0.5454545454545454,BLCA,8,11
PIK3CA,0.25,0.09090909090909091,BLCA,8,11
MACF1,0.25,0.45454545454545453,BLCA,8,11
STAG2,0.125,0.18181818181818182,BLCA,8,11
SPTAN1,0.125,0.09090909090909091,BLCA,8,11
TSC1,0.125,0.09090909090909091,BLCA,8,11
RHOB,0.125,0.09090909090909091,BLCA,8,11
SCAF4,0.125,0.09090909090909091,BLCA,8,11
PTPRC,0.125,0.09090909090909091,BLCA,8,11
PTPRD,0.125,0.2727272727272727,BLCA,8,11
MGA,0.125,0.18181818181818182,BLCA,8,11
MSH6,0.125,0.18181818181818182,BLCA,8,11
NF1,0.125,0.09090909090909091,BLCA,8,11
PLXNB2,0.125,0.09090909090909091,BLCA,8,11
KMT2C,0.125,0.18181818181818182,BLCA,8,11
FOXQ1,0.125,0.09090909090909091,BLCA,8,11
GATA3,0.125,0.18181818181818182,BLCA,8,11
NSD1,0.125,0.09090909090909091,BLCA,8,11
KDM6A,0.125,0.09090909090909091,BLCA,8,11
KMT2A,0.125,0.18181818181818182,BLCA,8,11
BRCA2,0.125,0.18181818181818182,BLCA,8,11
CDK12,0.125,0.09090909090909091,BLCA,8,11
CDKN1A,0.125,0.18181818181818182,BLCA,8,11
CHD3,0.125,0.09090909090909091,BLCA,8,11
COL5A1,0.125,0.09090909090909091,BLCA,8,11
CREBBP,0.125,0.09090909090909091,BLCA,8,11
CUL3,0.125,0.09090909090909091,BLCA,8,11
DMD,0.125,0.09090909090909091,BLCA,8,11
ELF3,0.125,0.09090909090909091,BLCA,8,11
EP300,0.125,0.09090909090909091,BLCA,8,11
TP53,0.7,0.9142857142857143,OV,10,70
KRAS,0.2,0.17142857142857143,OV,10,70
CDKN2A,0.2,0.02857142857142857,OV,10,70
BRD4,0.1,0.18571428571428572,OV,10,70
CCNE1,0.1,0.22857142857142856,OV,10,70
FLT3,0.1,0.014285714285714285,OV,10,70
HUWE1,0.1,0.014285714285714285,OV,10,70
CTNNB1,0.1,0.014285714285714285,OV,10,70
PPP2R1A,0.1,0.014285714285714285,OV,10,70
SMAD4,0.1,0.02857142857142857,OV,10,70
TNFAIP3,0.1,0.04285714285714286,OV,10,70
XPO1,0.1,0.014285714285714285,OV,10,70
ZFHX3,0.1,0.02857142857142857,OV,10,70
MYC,0.1,0.34285714285714286,OV,10,70
NF1,0.1,0.08571428571428572,OV,10,70
PIK3CA,0.5555555555555556,0.6666666666666666,UCEC,9,6
PTEN,0.5555555555555556,0.8333333333333334,UCEC,9,6
ARID1A,0.5555555555555556,0.5,UCEC,9,6
KMT2D,0.4444444444444444,0.3333333333333333,UCEC,9,6
CHD8,0.4444444444444444,0.5,UCEC,9,6
ARID5B,0.4444444444444444,0.3333333333333333,UCEC,9,6
TP53,0.4444444444444444,0.16666666666666666,UCEC,9,6
KMT2B,0.4444444444444444,0.5,UCEC,9,6
EPHA2,0.3333333333333333,0.16666666666666666,UCEC,9,6
EPHA3,0.3333333333333333,0.16666666666666666,UCEC,9,6
NOTCH1,0.3333333333333333,0.3333333333333333,UCEC,9,6
KMT2C,0.3333333333333333,0.16666666666666666,UCEC,9,6
MACF1,0.3333333333333333,0.5,UCEC,9,6
CTNNB1,0.3333333333333333,0.3333333333333333,UCEC,9,6
ACVR1,0.3333333333333333,0.16666666666666666,UCEC,9,6
CARD11,0.3333333333333333,0.16666666666666666,UCEC,9,6
RIT1,0.3333333333333333,0.3333333333333333,UCEC,9,6
RNF43,0.3333333333333333,0.3333333333333333,UCEC,9,6
ZFHX3,0.3333333333333333,0.6666666666666666,UCEC,9,6
ERBB3,0.3333333333333333,0.16666666666666666,UCEC,9,6
HUWE1,0.3333333333333333,0.3333333333333333,UCEC,9,6
INPPL1,0.3333333333333333,0.16666666666666666,UCEC,9,6
IRF6,0.3333333333333333,0.16666666666666666,UCEC,9,6
MAP3K4,0.3333333333333333,0.16666666666666666,UCEC,9,6
CHD3,0.2222222222222222,0.5,UCEC,9,6
GNAS,0.2222222222222222,0.16666666666666666,UCEC,9,6
FLNA,0.2222222222222222,0.16666666666666666,UCEC,9,6
MYC,0.2222222222222222,0.3333333333333333,UCEC,9,6
FBXW7,0.2222222222222222,0.3333333333333333,UCEC,9,6
FOXA2,0.2222222222222222,0.16666666666666666,UCEC,9,6
KMT2A,0.2222222222222222,0.16666666666666666,UCEC,9,6
CTCF,0.2222222222222222,0.5,UCEC,9,6
DDX3X,0.2222222222222222,0.16666666666666666,UCEC,9,6
CHD4,0.2222222222222222,0.16666666666666666,UCEC,9,6
ATRX,0.2222222222222222,0.16666666666666666,UCEC,9,6
CIC,0.2222222222222222,0.3333333333333333,UCEC,9,6
COL5A1,0.2222222222222222,0.16666666666666666,UCEC,9,6
EP300,0.2222222222222222,0.3333333333333333,UCEC,9,6
EPAS1,0.2222222222222222,0.16666666666666666,UCEC,9,6
DMD,0.2222222222222222,0.16666666666666666,UCEC,9,6
AMER1,0.2222222222222222,0.16666666666666666,UCEC,9,6
BRCA2,0.2222222222222222,0.3333333333333333,UCEC,9,6
ATM,0.2222222222222222,0.16666666666666666,UCEC,9,6
DNMT3A,0.2222222222222222,0.16666666666666666,UCEC,9,6
ELF3,0.2222222222222222,0.16666666666666666,UCEC,9,6
APC,0.2222222222222222,0.3333333333333333,UCEC,9,6
ZBTB20,0.2222222222222222,0.16666666666666666,UCEC,9,6
ZMYM2,0.2222222222222222,0.16666666666666666,UCEC,9,6
MGA,0.2222222222222222,0.5,UCEC,9,6
MUC6,0.2222222222222222,0.16666666666666666,UCEC,9,6
NSD1,0.2222222222222222,0.16666666666666666,UCEC,9,6
NIPBL,0.2222222222222222,0.3333333333333333,UCEC,9,6
MED12,0.2222222222222222,0.16666666666666666,UCEC,9,6
TERC,0.2222222222222222,0.16666666666666666,UCEC,9,6
TSC1,0.2222222222222222,0.16666666666666666,UCEC,9,6
USP9X,0.2222222222222222,0.3333333333333333,UCEC,9,6
ZMYM3,0.2222222222222222,0.16666666666666666,UCEC,9,6
SETD2,0.2222222222222222,0.16666666666666666,UCEC,9,6
SPTA1,0.2222222222222222,0.3333333333333333,UCEC,9,6
MAP2K1,0.2222222222222222,0.16666666666666666,UCEC,9,6
MAP3K1,0.2222222222222222,0.16666666666666666,UCEC,9,6
NFE2L2,0.2222222222222222,0.5,UCEC,9,6
PIK3R1,0.2222222222222222,0.5,UCEC,9,6
POLQ,0.2222222222222222,0.16666666666666666,UCEC,9,6
PPP2R1A,0.2222222222222222,0.16666666666666666,UCEC,9,6
RNF111,0.2222222222222222,0.16666666666666666,UCEC,9,6
POLE,0.1111111111111111,0.3333333333333333,UCEC,9,6
PTPDC1,0.1111111111111111,0.16666666666666666,UCEC,9,6
PHF6,0.1111111111111111,0.16666666666666666,UCEC,9,6
ZC3H12A,0.1111111111111111,0.16666666666666666,UCEC,9,6
ASXL2,0.1111111111111111,0.16666666666666666,UCEC,9,6
ATF7IP,0.1111111111111111,0.3333333333333333,UCEC,9,6
ALK,0.1111111111111111,0.16666666666666666,UCEC,9,6
AR,0.1111111111111111,0.16666666666666666,UCEC,9,6
ATR,0.1111111111111111,0.16666666666666666,UCEC,9,6
BCOR,0.1111111111111111,0.3333333333333333,UCEC,9,6
BRAF,0.1111111111111111,0.16666666666666666,UCEC,9,6
BRCA1,0.1111111111111111,0.16666666666666666,UCEC,9,6
ARHGAP35,0.1111111111111111,0.5,UCEC,9,6
ASXL1,0.1111111111111111,0.16666666666666666,UCEC,9,6
DHX9,0.1111111111111111,0.16666666666666666,UCEC,9,6
CREBBP,0.1111111111111111,0.5,UCEC,9,6
CCND1,0.1111111111111111,0.16666666666666666,UCEC,9,6
JAK3,0.1111111111111111,0.3333333333333333,UCEC,9,6
EGFR,0.1111111111111111,0.16666666666666666,UCEC,9,6
EGR3,0.1111111111111111,0.16666666666666666,UCEC,9,6
CTNND1,0.1111111111111111,0.3333333333333333,UCEC,9,6
CUL3,0.1111111111111111,0.16666666666666666,UCEC,9,6
JAK2,0.1111111111111111,0.16666666666666666,UCEC,9,6
FGFR1,0.1111111111111111,0.16666666666666666,UCEC,9,6
KANSL1,0.1111111111111111,0.16666666666666666,UCEC,9,6
KDM5C,0.1111111111111111,0.3333333333333333,UCEC,9,6
KDM6A,0.1111111111111111,0.16666666666666666,UCEC,9,6
IRF2,0.1111111111111111,0.16666666666666666,UCEC,9,6
JAK1,0.1111111111111111,0.3333333333333333,UCEC,9,6
PTPRC,0.1111111111111111,0.16666666666666666,UCEC,9,6
PTPRD,0.1111111111111111,0.16666666666666666,UCEC,9,6
RAD21,0.1111111111111111,0.16666666666666666,UCEC,9,6
RB1,0.1111111111111111,0.16666666666666666,UCEC,9,6
RBM10,0.1111111111111111,0.16666666666666666,UCEC,9,6
NF1,0.1111111111111111,0.3333333333333333,UCEC,9,6
MSH3,0.1111111111111111,0.3333333333333333,UCEC,9,6
MSH6,0.1111111111111111,0.16666666666666666,UCEC,9,6
FAT1,0.1111111111111111,0.5,UCEC,9,6
NOTCH2,0.1111111111111111,0.5,UCEC,9,6
NUP133,0.1111111111111111,0.16666666666666666,UCEC,9,6
PDS5B,0.1111111111111111,0.5,UCEC,9,6
TBX3,0.1111111111111111,0.16666666666666666,UCEC,9,6
SCAF4,0.1111111111111111,0.16666666666666666,UCEC,9,6
SF3B1,0.1111111111111111,0.16666666666666666,UCEC,9,6
ZNF133,0.1111111111111111,0.16666666666666666,UCEC,9,6
THRAP3,0.1111111111111111,0.16666666666666666,UCEC,9,6
TLR4,0.1111111111111111,0.16666666666666666,UCEC,9,6
TNFAIP3,0.1111111111111111,0.16666666666666666,UCEC,9,6
SOX9,0.1111111111111111,0.16666666666666666,UCEC,9,6
SPOP,0.1111111111111111,0.16666666666666666,UCEC,9,6
SPTAN1,0.1111111111111111,0.3333333333333333,UCEC,9,6
STAG2,0.1111111111111111,0.16666666666666666,UCEC,9,6
TBL1XR1,0.1111111111111111,0.16666666666666666,UCEC,9,6
TXNIP,0.1111111111111111,0.16666666666666666,UCEC,9,6
TET2,0.1111111111111111,0.16666666666666666,UCEC,9,6
SMARCB1,0.1111111111111111,0.16666666666666666,UCEC,9,6
XPO1,0.1111111111111111,0.16666666666666666,UCEC,9,6
CDKN2A,0.5714285714285714,0.24390243902439024,CHOL,7,41
KRAS,0.42857142857142855,0.04878048780487805,CHOL,7,41
TP53,0.42857142857142855,0.0975609756097561,CHOL,7,41
EPHA2,0.2857142857142857,0.14634146341463414,CHOL,7,41
TGFBR2,0.14285714285714285,0.024390243902439025,CHOL,7,41
KMT2B,0.14285714285714285,0.024390243902439025,CHOL,7,41
KMT2C,0.14285714285714285,0.07317073170731707,CHOL,7,41
KMT2D,0.14285714285714285,0.04878048780487805,CHOL,7,41
MACF1,0.14285714285714285,0.04878048780487805,CHOL,7,41
FLNA,0.14285714285714285,0.024390243902439025,CHOL,7,41
FLT3,0.14285714285714285,0.024390243902439025,CHOL,7,41
NCOR1,0.14285714285714285,0.024390243902439025,CHOL,7,41
PDS5B,0.14285714285714285,0.024390243902439025,CHOL,7,41
SCAF4,0.14285714285714285,0.024390243902439025,CHOL,7,41
SETD2,0.14285714285714285,0.024390243902439025,CHOL,7,41
MED12,0.14285714285714285,0.024390243902439025,CHOL,7,41
PLXNB2,0.14285714285714285,0.04878048780487805,CHOL,7,41
AR,0.14285714285714285,0.024390243902439025,CHOL,7,41
ARID2,0.14285714285714285,0.024390243902439025,CHOL,7,41
ATR,0.14285714285714285,0.04878048780487805,CHOL,7,41
BAP1,0.14285714285714285,0.14634146341463414,CHOL,7,41
BCOR,0.14285714285714285,0.024390243902439025,CHOL,7,41
DMD,0.14285714285714285,0.024390243902439025,CHOL,7,41
ARID1A,0.14285714285714285,0.17073170731707318,CHOL,7,41
KDM6A,0.4,0.03296703296703297,BRCA,10,91
MCL1,0.4,0.26373626373626374,BRCA,10,91
PIK3CA,0.4,0.3626373626373626,BRCA,10,91
TP53,0.3,0.34065934065934067,BRCA,10,91
CDH1,0.3,0.17582417582417584,BRCA,10,91
ZNF703,0.2,0.15384615384615385,BRCA,10,91
SMARCA4,0.2,0.01098901098901099,BRCA,10,91
SPTA1,0.2,0.054945054945054944,BRCA,10,91
PTEN,0.2,0.06593406593406594,BRCA,10,91
MGA,0.2,0.04395604395604396,BRCA,10,91
MYC,0.2,0.2857142857142857,BRCA,10,91
CREBBP,0.2,0.12087912087912088,BRCA,10,91
ERBB2,0.2,0.2087912087912088,BRCA,10,91
FLNA,0.2,0.01098901098901099,BRCA,10,91
APC,0.2,0.01098901098901099,BRCA,10,91
ASXL2,0.2,0.02197802197802198,BRCA,10,91
USP9X,0.1,0.01098901098901099,BRCA,10,91
ZCCHC12,0.1,0.01098901098901099,BRCA,10,91
ZMYM2,0.1,0.02197802197802198,BRCA,10,91
PTPRD,0.1,0.03296703296703297,BRCA,10,91
TLR4,0.1,0.02197802197802198,BRCA,10,91
TNFAIP3,0.1,0.01098901098901099,BRCA,10,91
TSC1,0.1,0.01098901098901099,BRCA,10,91
RUNX1,0.1,0.06593406593406594,BRCA,10,91
POLE,0.1,0.02197802197802198,BRCA,10,91
SMAD2,0.1,0.01098901098901099,BRCA,10,91
SMC3,0.1,0.01098901098901099,BRCA,10,91
SPOP,0.1,0.01098901098901099,BRCA,10,91
RET,0.1,0.02197802197802198,BRCA,10,91
STAG2,0.1,0.01098901098901099,BRCA,10,91
TAF1,0.1,0.03296703296703297,BRCA,10,91
TCF12,0.1,0.02197802197802198,BRCA,10,91
MSH6,0.1,0.02197802197802198,BRCA,10,91
MTOR,0.1,0.03296703296703297,BRCA,10,91
SPTAN1,0.1,0.02197802197802198,BRCA,10,91
NIPBL,0.1,0.02197802197802198,BRCA,10,91
NOTCH2,0.1,0.01098901098901099,BRCA,10,91
PIK3CB,0.1,0.01098901098901099,BRCA,10,91
PIK3R1,0.1,0.054945054945054944,BRCA,10,91
PLCB4,0.1,0.01098901098901099,BRCA,10,91
PLCG1,0.1,0.01098901098901099,BRCA,10,91
GATA3,0.1,0.18681318681318682,BRCA,10,91
MYH9,0.1,0.01098901098901099,BRCA,10,91
NCOR1,0.1,0.10989010989010989,BRCA,10,91
NF1,0.1,0.08791208791208792,BRCA,10,91
NFE2L2,0.1,0.01098901098901099,BRCA,10,91
MECOM,0.1,0.01098901098901099,BRCA,10,91
MED12,0.1,0.02197802197802198,BRCA,10,91
FAT1,0.1,0.01098901098901099,BRCA,10,91
FGFR1,0.1,0.12087912087912088,BRCA,10,91
FGFR2,0.1,0.02197802197802198,BRCA,10,91
FUBP1,0.1,0.01098901098901099,BRCA,10,91
GABRA6,0.1,0.01098901098901099,BRCA,10,91
KMT2C,0.1,0.06593406593406594,BRCA,10,91
KMT2D,0.1,0.03296703296703297,BRCA,10,91
HUWE1,0.1,0.03296703296703297,BRCA,10,91
MACF1,0.1,0.02197802197802198,BRCA,10,91
MAP2K4,0.1,0.03296703296703297,BRCA,10,91
MAP3K1,0.1,0.06593406593406594,BRCA,10,91
KMT2A,0.1,0.02197802197802198,BRCA,10,91
CASP8,0.1,0.01098901098901099,BRCA,10,91
CBFB,0.1,0.03296703296703297,BRCA,10,91
KRT222,0.1,0.01098901098901099,BRCA,10,91
LATS1,0.1,0.01098901098901099,BRCA,10,91
COL5A1,0.1,0.01098901098901099,BRCA,10,91
CUL3,0.1,0.04395604395604396,BRCA,10,91
DHX9,0.1,0.01098901098901099,BRCA,10,91
DIAPH2,0.1,0.01098901098901099,BRCA,10,91
CDK12,0.1,0.01098901098901099,BRCA,10,91
CDK4,0.1,0.03296703296703297,BRCA,10,91
CDKN2A,0.1,0.04395604395604396,BRCA,10,91
DMD,0.1,0.02197802197802198,BRCA,10,91
EGFR,0.1,0.04395604395604396,BRCA,10,91
EP300,0.1,0.01098901098901099,BRCA,10,91
ERBB3,0.1,0.02197802197802198,BRCA,10,91
ESR1,0.1,0.054945054945054944,BRCA,10,91
BRCA2,0.1,0.03296703296703297,BRCA,10,91
CHD4,0.1,0.02197802197802198,BRCA,10,91
CIC,0.1,0.01098901098901099,BRCA,10,91
BCL2L11,0.1,0.01098901098901099,BRCA,10,91
BRAF,0.1,0.02197802197802198,BRCA,10,91
ALK,0.1,0.01098901098901099,BRCA,10,91
ATM,0.1,0.04395604395604396,BRCA,10,91
ATR,0.1,0.01098901098901099,BRCA,10,91
ATRX,0.1,0.02197802197802198,BRCA,10,91
ABL1,0.1,0.02197802197802198,BRCA,10,91
ACVR2A,0.1,0.01098901098901099,BRCA,10,91
ARHGAP35,0.1,0.01098901098901099,BRCA,10,91
GNAQ,1.0,0.4888888888888889,UVM,1,45
HLA-A,1.0,0.045454545454545456,HNSC,1,22
SOX2,1.0,0.22727272727272727,HNSC,1,22
AJUBA,1.0,0.09090909090909091,HNSC,1,22
CD274,1.0,0.09090909090909091,HNSC,1,22
CDKN2A,1.0,0.4090909090909091,HNSC,1,22
DMD,1.0,0.09090909090909091,HNSC,1,22
EGFR,1.0,0.18181818181818182,HNSC,1,22
NOTCH1,1.0,0.18181818181818182,HNSC,1,22
PIK3CA,1.0,0.22727272727272727,HNSC,1,22
PTPRD,1.0,0.13636363636363635,HNSC,1,22
TERC,1.0,0.18181818181818182,HNSC,1,22
TP53,1.0,0.5909090909090909,HNSC,1,22
ZNF750,1.0,0.09090909090909091,HNSC,1,22
MCL1,1.0,0.2727272727272727,LIHC,1,11
MDM4,1.0,0.18181818181818182,LIHC,1,11
RIT1,1.0,0.2727272727272727,LIHC,1,11
SPTA1,1.0,0.09090909090909091,LIHC,1,11
CDKN1A,1.0,0.03636363636363636,KICH,1,55
CHD4,1.0,0.01818181818181818,KICH,1,55
PBRM1,0.5,0.2,KIRC,2,10
SETD2,0.5,0.2,KIRC,2,10
ARID1A,0.5,0.2,KIRC,2,10
VHL,0.5,0.3,KIRC,2,10
ARID1A,1.0,0.02857142857142857,LUSC,1,70
CCND1,1.0,0.17142857142857143,LUSC,1,70
CCND2,1.0,0.11428571428571428,LUSC,1,70
TP53,1.0,0.8142857142857143,LUSC,1,70
JAK2,1.0,0.014285714285714285,LUSC,1,70
KMT2D,1.0,0.24285714285714285,LUSC,1,70
KRAS,1.0,0.1,LUSC,1,70
USP9X,1.0,0.014285714285714285,LUSC,1,70
CDK6,1.0,0.04285714285714286,LUSC,1,70
CDKN2A,1.0,0.2857142857142857,LUSC,1,70
CUL3,1.0,0.04285714285714286,LUSC,1,70
LATS1,1.0,0.04285714285714286,LUSC,1,70
NF1,1.0,0.15714285714285714,LUSC,1,70
