sample_id,case,sample_type,cancer_type,consensus_purity,consensus_ploidy
HCM-SANG-1336-C15-01A,HCM-SANG-1336-C15,tumor,ESCA,0.322350874,2.902885458
HCM-CSHL-0853-C56-85F,HCM-CSHL-0853-C56,model,OV,0.939632287,1.792535335
HCM-BROD-0115-C16-86B,HCM-BROD-0115-C16,model_expanded,STAD,0.995,1.953333333
HCM-CSHL-0237-C18-85A,HCM-CSHL-0237-C18,model,COAD,0.982,3.98019287
HCM-CSHL-0369-D37-31A,HCM-CSHL-0369-D37,tumor,TVA,0.66,2.185519631
HCM-SANG-1302-C15-08A,HCM-SANG-1302-C15,tumor,ESCA,0.14,2.006149608
HCM-BROD-0199-C71-85A,HCM-BROD-0199-C71,model,GBM,0.984394333,1.932257367
HCM-CSHL-0189-C25-85A,HCM-CSHL-0189-C25,model,PAAD,0.995,1.959107572
HCM-CSHL-0323-C20-01A,HCM-CSHL-0323-C20,tumor,READ,0.448037,2.53817281
HCM-BROD-0960-C16-85A,HCM-BROD-0960-C16,model,STAD,0.994931379,2.070922029
HCM-BROD-0223-C43-85M,HCM-BROD-0223-C43,model,SKCM,0.9979135,1.749135543
HCM-STAN-0627-C34-01A,HCM-STAN-0627-C34,tumor,LUSC,0.533715833,2.123207614
HCM-BROD-1123-C71-85A,HCM-BROD-1123-C71,model,GBM,0.98195006,1.842954769
HCM-WCMC-0753-C54-01A,HCM-WCMC-0753-C54,tumor,UCEC,0.385,2.05
HCM-CSHL-0853-C56-85B,HCM-CSHL-0853-C56,model,OV,0.908955575,1.704640623
HCM-CSHL-0806-C54-01A,HCM-CSHL-0806-C54,tumor,UCEC,0.768928567,2.007931096
HCM-BROD-1121-C71-01A,HCM-BROD-1121-C71,tumor,GBM,0.555471944,1.972893273
HCM-BROD-0597-C64-85A,HCM-BROD-0597-C64,model,WT,0.967759775,2.073680833
HCM-BROD-0448-C15-85M,HCM-BROD-0448-C15,model,ESCA,0.987769167,3.1425
HCM-CSHL-0242-C18-85A,HCM-CSHL-0242-C18,model,COAD,0.978237167,2.162132178
HCM-BROD-0012-C71-86A,HCM-BROD-0012-C71,model_expanded,GBM,0.995,1.94
HCM-CSHL-0181-C25-85B,HCM-CSHL-0181-C25,model,PAAD,0.9925,3.315583271
HCM-SANG-0271-D12-86A,HCM-SANG-0271-D12,model_expanded,COTA,0.9925,2.32
HCM-CSHL-0261-C50-85D,HCM-CSHL-0261-C50,model,BRCA,0.985176,3.371556318
HCM-CSHL-0192-C25-01A,HCM-CSHL-0192-C25,tumor,PAAD,0.614146833,1.72672575
HCM-CSHL-0058-C34-85C,HCM-CSHL-0058-C34,model,LUAD,0.356666667,1.97894141
HCM-CSHL-0510-D13-86A,HCM-CSHL-0510-D13,model_expanded,TVA,0.99,2.05
HCM-BROD-0595-C43-06A,HCM-BROD-0595-C43,tumor,SKCM,0.954284333,3.053606662
HCM-CSHL-0085-C24-01A,HCM-CSHL-0085-C24,tumor,AMPV,0.3070906,2.277344884
HCM-BROD-0045-C16-85A,HCM-BROD-0045-C16,model,STAD,0.986182,3.3375
HCM-BROD-0415-C71-02B,HCM-BROD-0415-C71,tumor,GBM,0.868570833,1.982977864
HCM-BROD-0954-C34-01A,HCM-BROD-0954-C34,tumor,LUAD,0.286912275,2.916230711
HCM-CSHL-0089-C25-01A,HCM-CSHL-0089-C25,tumor,PAAD,0.397597667,3.236666667
HCM-SANG-1326-C15-85A,HCM-SANG-1326-C15,model,ESCA,0.990842855,2.810499395
HCM-CSHL-0147-C24-85A,HCM-CSHL-0147-C24,model,AMPV,0.827166,2.465350298
HCM-CSHL-1266-C20-06A,HCM-CSHL-1266-C20,tumor,READ,0.836712452,3.803452678
HCM-WCMC-0753-C54-85A,HCM-WCMC-0753-C54,model,UCEC,0.996,2.13
HCM-WCMC-0671-C18-01A,HCM-WCMC-0671-C18,tumor,COAD,0.4338248,3.138602608
HCM-CSHL-0366-C50-86A,HCM-CSHL-0366-C50,model_expanded,BRCA,0.9975,2.51
HCM-BROD-0028-C71-85A,HCM-BROD-0028-C71,model,GBM,0.996116667,1.870017043
HCM-CSHL-0368-D37-31A,HCM-CSHL-0368-D37,tumor,GBAD,0.784456,2.08154108
HCM-CSHL-0366-C50-85B,HCM-CSHL-0366-C50,model,BRCA,0.911007333,2.61501482
HCM-CSHL-0079-C25-85B,HCM-CSHL-0079-C25,model,PAAD,0.9934952,1.611023919
HCM-CSHL-0085-C24-85A,HCM-CSHL-0085-C24,model,AMPV,0.994897,2.387886691
HCM-SANG-1302-C15-85A,HCM-SANG-1302-C15,model,ESCA,0.9743915,2.009570784
HCM-CSHL-0164-C20-06A,HCM-CSHL-0164-C20,tumor,COAD,0.496853167,2.137959438
HCM-SANG-1085-C20-08A,HCM-SANG-1085-C20,tumor,READ,0.196243573,5.21
HCM-CSHL-0058-C34-01B,HCM-CSHL-0058-C34,tumor,LUAD,0.3480562,2.033333333
HCM-CSHL-0255-C18-01A,HCM-CSHL-0255-C18,tumor,COAD,0.415440887,2.032754232
HCM-SANG-1083-C16-85A,HCM-SANG-1083-C16,model,ESCA,0.99407938,2.59543634
HCM-CSHL-0075-C25-01B,HCM-CSHL-0075-C25,tumor,PAAD,0.5225626,2.643068611
HCM-CSHL-1264-C25-85A,HCM-CSHL-1264-C25,model,IPMN,0.996656781,2.012418923
HCM-CSHL-0618-C18-85M,HCM-CSHL-0618-C18,model,COAD,0.994885168,3.411374878
HCM-CSHL-1262-C19-85M,HCM-CSHL-1262-C19,model,COAD,0.943394534,3.05748681
HCM-CSHL-0186-C25-01A,HCM-CSHL-0186-C25,tumor,PAAD,0.2979746,1.946841377
HCM-BROD-0869-C43-06A,HCM-BROD-0869-C43,tumor,SKCM,0.34596607,2.082593563
HCM-CSHL-0147-C24-01A,HCM-CSHL-0147-C24,tumor,AMPV,0.44,4.408025612
HCM-CSHL-0403-C25-01B,HCM-CSHL-0403-C25,tumor,PAAD,0.3387555,1.975
HCM-BROD-0055-C64-85A,HCM-BROD-0055-C64,model,WT,1.0,2.006666667
HCM-CSHL-0162-C19-85B,HCM-CSHL-0162-C19,model,READ,1.0,2.718630765
HCM-SANG-0544-C15-85A,HCM-SANG-0544-C15,model,ESCA,0.987436865,2.61328997
HCM-BROD-0003-C71-86A,HCM-BROD-0003-C71,model_expanded,GBM,0.97,2.736666667
HCM-BROD-0745-C43-06B,HCM-BROD-0745-C43,tumor,SKCM,0.4667085,3.144644652
HCM-WCMC-0950-C67-85A,HCM-WCMC-0950-C67,model,BLCA,0.98,1.913333333
HCM-BROD-0047-C71-86A,HCM-BROD-0047-C71,model_expanded,GBM,0.9875,1.556666667
HCM-STAN-0848-C20-85A,HCM-STAN-0848-C20,model,READ,0.992981721,2.136443784
HCM-SANG-1313-C18-06A,HCM-SANG-1313-C18,tumor,COAD,0.589291708,2.009595208
HCM-BROD-0830-C71-02A,HCM-BROD-0830-C71,tumor,GBM,0.69,3.269478502
HCM-SANG-1082-C15-85A,HCM-SANG-1082-C15,model,ESCA,0.984824414,2.833426551
HCM-WCMC-0747-C50-85P,HCM-WCMC-0747-C50,model,BRCA,0.996,2.01
HCM-CSHL-0373-C25-01A,HCM-CSHL-0373-C25,tumor,PAAD,0.396928667,2.119637257
HCM-SANG-1332-C18-85A,HCM-SANG-1332-C18,model,COAD,0.923688103,3.83482746
HCM-SANG-1338-C20-08A,HCM-SANG-1338-C20,tumor,READ,0.723854375,2.080538512
HCM-CSHL-0261-C50-01A,HCM-CSHL-0261-C50,tumor,BRCA,0.366122167,3.53
HCM-STAN-1111-C19-85B,HCM-STAN-1111-C19,model,READ,0.975279117,3.419023941
HCM-SANG-1091-C18-85A,HCM-SANG-1091-C18,model,COAD,0.962011621,3.76367887
HCM-CSHL-0153-C50-01B,HCM-CSHL-0153-C50,tumor,BRCA,0.45,2.156666667
HCM-SANG-0297-C15-01A,HCM-SANG-0297-C15,tumor,ESCA,0.4436626,3.119570914
HCM-BROD-0711-C64-85B,HCM-BROD-0711-C64,model,KICH,0.66603641,1.710922138
HCM-CSHL-0064-C18-01A,HCM-CSHL-0064-C18,tumor,COAD,0.3135924,3.989841872
HCM-SANG-0310-C15-01A,HCM-SANG-0310-C15,tumor,ESCA,0.5887082,2.51
HCM-CSHL-0062-C18-01A,HCM-CSHL-0062-C18,tumor,READ,0.75,2.12
HCM-SANG-1312-C20-08A,HCM-SANG-1312-C20,tumor,READ,0.132446886,1.930905405
HCM-CSHL-0731-C19-06A,HCM-CSHL-0731-C19,tumor,READ,0.834912333,3.59872708
HCM-CSHL-0434-C24-06A,HCM-CSHL-0434-C24,tumor,CHOL,0.13,1.893219055
HCM-CSHL-0818-C56-85P,HCM-CSHL-0818-C56,model,OV,0.992652177,2.813119164
HCM-STAN-1111-C19-01A,HCM-STAN-1111-C19,tumor,READ,0.694136263,3.431134967
HCM-CSHL-0176-C25-85A,HCM-CSHL-0176-C25,model,PAAD,0.994077,1.824807888
HCM-BROD-0693-C71-85A,HCM-BROD-0693-C71,model,GBM,0.998,2.07
HCM-BROD-0095-C15-06A,HCM-BROD-0095-C15,tumor,ESCA,0.45,2.5
HCM-BROD-0648-C71-02A,HCM-BROD-0648-C71,tumor,GBM,0.868768333,2.044668771
HCM-CSHL-0857-C19-85M,HCM-CSHL-0857-C19,model,READ,0.991914249,3.06417798
HCM-CSHL-0178-C25-85A,HCM-CSHL-0178-C25,model,PAAD,0.992,2.004265983
HCM-CSHL-0584-C19-85M,HCM-CSHL-0584-C19,model,COAD,0.992619667,2.166666667
HCM-SANG-1327-C18-01A,HCM-SANG-1327-C18,tumor,COAD,0.483315063,2.418689425
HCM-BROD-0960-C16-06A,HCM-BROD-0960-C16,tumor,STAD,0.840360739,3.788987112
HCM-CSHL-0184-C25-85A,HCM-CSHL-0184-C25,model,PAAD,0.980431833,3.964502462
HCM-BROD-0198-C71-85B,HCM-BROD-0198-C71,model,GBM,0.9895815,1.967275227
HCM-CSHL-0459-C17-85A,HCM-CSHL-0459-C17,model,SIAD,0.994,1.947752734
HCM-BROD-0685-C71-85A,HCM-BROD-0685-C71,model,GBM,0.979475667,3.42
HCM-BROD-0003-C71-85B,HCM-BROD-0003-C71,model,GBM,0.9726405,2.861538526
HCM-BROD-0834-C43-06A,HCM-BROD-0834-C43,tumor,SKCM,0.562657833,2.144793008
HCM-STAN-1109-D13-85B,HCM-STAN-1109-D13,model,TVA,0.991197067,2.088300171
HCM-BROD-0103-C71-01A,HCM-BROD-0103-C71,tumor,GBM,0.958645667,1.907552181
HCM-SANG-0523-C15-85A,HCM-SANG-0523-C15,model,ESCA,0.981610813,3.521242306
HCM-CSHL-0373-C25-85A,HCM-CSHL-0373-C25,model,PAAD,0.987544167,1.68
HCM-SANG-0529-C18-01A,HCM-SANG-0529-C18,tumor,COAD,0.365885263,2.946092537
HCM-CSHL-0094-C25-01A,HCM-CSHL-0094-C25,tumor,PAAD,0.292104,2.983333333
HCM-CSHL-0808-C55-85A,HCM-CSHL-0808-C55,model,UCEC,0.991677099,3.281608034
HCM-BROD-0578-C15-06A,HCM-BROD-0578-C15,tumor,ESCA,0.1,4.09
HCM-CSHL-0159-C18-85B,HCM-CSHL-0159-C18,model,COAD,0.916763167,2.462765749
HCM-BROD-0831-C71-01A,HCM-BROD-0831-C71,tumor,GBM,0.837151167,1.918826006
HCM-BROD-0097-C15-06A,HCM-BROD-0097-C15,tumor,ESCA,0.807459333,3.742572009
HCM-SANG-0517-C20-01A,HCM-SANG-0517-C20,tumor,READ,0.458968293,2.872357487
HCM-CSHL-0183-C25-01A,HCM-CSHL-0183-C25,tumor,PAAD,0.3828024,1.776038599
HCM-CSHL-0654-C26-85M,HCM-CSHL-0654-C26,model,MISC,0.979939,2.57630392
HCM-CSHL-0817-C22-85A,HCM-CSHL-0817-C22,model,CHOL,0.98,3.517205397
HCM-SANG-0547-C25-85A,HCM-SANG-0547-C25,model,PAAD,0.971057925,3.13704067
HCM-CSHL-1268-C24-85M,HCM-CSHL-1268-C24,model,AMPV,0.993113887,2.083360454
HCM-CSHL-0076-C25-85A,HCM-CSHL-0076-C25,model,PAAD,0.9708814,2.985276587
HCM-BROD-0695-C71-85R,HCM-BROD-0695-C71,model,GBM,0.995,1.995612146
HCM-SANG-1304-C20-01A,HCM-SANG-1304-C20,tumor,READ,0.126170463,4.09
HCM-SANG-1318-C20-85A,HCM-SANG-1318-C20,model,READ,0.998697,2.633333333
HCM-SANG-1300-C18-01A,HCM-SANG-1300-C18,tumor,COAD,0.368552064,2.804738353
HCM-CSHL-1262-C19-06A,HCM-CSHL-1262-C19,tumor,COAD,0.806666667,3.25
HCM-BROD-0200-C71-01A,HCM-BROD-0200-C71,tumor,GBM,0.455611667,2.079820972
HCM-CSHL-0818-C56-06A,HCM-CSHL-0818-C56,tumor,OV,0.491914129,2.929484614
HCM-CSHL-0187-C25-01A,HCM-CSHL-0187-C25,tumor,PAAD,0.497497167,1.982830388
HCM-SANG-0535-C20-85A,HCM-SANG-0535-C20,model,READ,0.988221863,1.884839049
HCM-CSHL-0377-C18-01A,HCM-CSHL-0377-C18,tumor,COAD,0.15,1.98127631
HCM-WCMC-0789-C34-85A,HCM-WCMC-0789-C34,model,LUAD,0.993333333,2.287721552
HCM-BROD-0710-C43-06C,HCM-BROD-0710-C43,tumor,SKCM,0.326991052,2.024569049
HCM-BROD-0053-C49-85M,HCM-BROD-0053-C49,model,SARC,0.96,3.78
HCM-SANG-1082-C15-08A,HCM-SANG-1082-C15,tumor,ESCA,0.46586509,2.921742774
HCM-BROD-0685-C71-01A,HCM-BROD-0685-C71,tumor,GBM,0.538128,2.036714709
HCM-CSHL-0839-C34-85M,HCM-CSHL-0839-C34,model,LUAD,0.986500333,2.04502261
HCM-BROD-0871-C49-06B,HCM-BROD-0871-C49,tumor,SARC,0.908359227,1.857084065
HCM-SANG-0272-C20-01B,HCM-SANG-0272-C20,tumor,READ,0.4787962,2.092054143
HCM-CSHL-0239-C18-01A,HCM-CSHL-0239-C18,tumor,COAD,0.3600346,3.0925
HCM-WCMC-0671-C18-85A,HCM-WCMC-0671-C18,model,COAD,0.992,3.124755955
HCM-BROD-0758-C43-06A,HCM-BROD-0758-C43,tumor,SKCM,0.952507167,3.589257918
HCM-SANG-1323-C15-08A,HCM-SANG-1323-C15,tumor,ESCA,0.183630034,2.69
HCM-CSHL-1264-C25-01A,HCM-CSHL-1264-C25,tumor,IPMN,0.443040386,1.962773146
HCM-BROD-0195-C71-01A,HCM-BROD-0195-C71,tumor,GBM,0.702005,3.236959057
HCM-WCMC-0948-C67-01A,HCM-WCMC-0948-C67,tumor,BLCA,0.3745662,3.002899908
HCM-BROD-0235-C16-06A,HCM-BROD-0235-C16,tumor,STAD,0.834561,3.272292756
HCM-STAN-1113-C18-01A,HCM-STAN-1113-C18,tumor,COAD,0.62261153,3.32
HCM-SANG-1327-C18-85A,HCM-SANG-1327-C18,model,COAD,0.993815286,2.347783015
HCM-BROD-1078-C49-06B,HCM-BROD-1078-C49,tumor,SARC,0.959437875,1.918962012
HCM-SANG-1089-C18-01A,HCM-SANG-1089-C18,tumor,COAD,0.203077097,2.017637909
HCM-WCMC-0505-C16-01A,HCM-WCMC-0505-C16,tumor,STAD,0.512537667,3.608459317
HCM-SANG-1309-C25-85A,HCM-SANG-1309-C25,model,PAAD,0.996917485,1.739457188
HCM-BROD-0098-C15-85A,HCM-BROD-0098-C15,model,ESCA,0.992199667,2.825338864
HCM-WCMC-1284-C67-01B,HCM-WCMC-1284-C67,tumor,BLCA,0.8675,1.98
HCM-BROD-0579-C16-85M,HCM-BROD-0579-C16,model,STAD,0.97515486,3.364102989
HCM-CSHL-0093-C25-01B,HCM-CSHL-0093-C25,tumor,PAAD,0.46,2.0
HCM-BROD-0048-C71-85A,HCM-BROD-0048-C71,model,GBM,0.996666667,1.968570243
HCM-BROD-0209-C71-85A,HCM-BROD-0209-C71,model,GBM,0.96,3.86
HCM-SANG-0552-C25-08A,HCM-SANG-0552-C25,tumor,PAAD,0.258182834,1.95885848
HCM-BROD-1186-C64-85B,HCM-BROD-1186-C64,model,KIRC,0.93749683,3.280941107
HCM-CSHL-0089-C25-85M,HCM-CSHL-0089-C25,model,PAAD,0.979074,3.366084274
HCM-BROD-0762-C49-01A,HCM-BROD-0762-C49,tumor,DEST,1.0,2.008780313
HCM-CSHL-0434-C24-01A,HCM-CSHL-0434-C24,tumor,CHOL,0.20886625,3.395792834
HCM-WCMC-0747-C50-01A,HCM-WCMC-0747-C50,tumor,BRCA,0.45,2.163333333
HCM-CSHL-0074-C25-85A,HCM-CSHL-0074-C25,model,PAAD,0.994247167,1.918785387
HCM-CSHL-0618-C18-06A,HCM-CSHL-0618-C18,tumor,COAD,0.418599697,3.156260351
HCM-WCMC-0950-C67-01A,HCM-WCMC-0950-C67,tumor,BLCA,0.835,1.936666667
HCM-SANG-0552-C25-85A,HCM-SANG-0552-C25,model,PAAD,0.992284521,1.85886205
HCM-CSHL-0666-C24-31A,HCM-CSHL-0666-C24,tumor,AMPV,0.881524,2.094677753
HCM-CSHL-0247-C18-85A,HCM-CSHL-0247-C18,model,COAD,0.99782,1.90219378
HCM-SANG-1306-C25-85A,HCM-SANG-1306-C25,model,PAAD,0.99249775,2.764253908
HCM-BROD-0125-C25-01A,HCM-BROD-0125-C25,tumor,PAAD,0.3509486,2.016666667
HCM-BROD-0724-C43-85M,HCM-BROD-0724-C43,model,SKCM,0.995094917,3.969089818
HCM-BROD-0421-C71-85A,HCM-BROD-0421-C71,model,GBM,0.976943667,4.649550487
HCM-BROD-0339-C43-85M,HCM-BROD-0339-C43,model,SKCM,0.991908167,2.539539216
HCM-SANG-0539-C18-85A,HCM-SANG-0539-C18,model,COAD,0.983255086,4.001587144
HCM-SANG-1093-C18-85A,HCM-SANG-1093-C18,model,COAD,1.0,1.973365662
HCM-WCMC-0946-C34-01A,HCM-WCMC-0946-C34,tumor,LUAD,0.356063167,1.865
HCM-CSHL-0459-C17-86A,HCM-CSHL-0459-C17,model_expanded,SIAD,0.975,1.976666667
HCM-CSHL-0617-C22-85A,HCM-CSHL-0617-C22,model,LIHC,0.995873667,1.952460047
HCM-CSHL-1269-C18-85M,HCM-CSHL-1269-C18,model,COAD,0.975926809,2.740101927
HCM-BROD-0758-C43-85N,HCM-BROD-0758-C43,model,SKCM,0.990558,3.521668614
HCM-CSHL-0242-C18-01B,HCM-CSHL-0242-C18,tumor,COAD,0.772,2.097372723
HCM-BROD-0642-C43-85N,HCM-BROD-0642-C43,model,SKCM,0.353333333,2.10351972
HCM-SANG-1329-C15-85A,HCM-SANG-1329-C15,model,ESCA,0.992825192,2.630136959
HCM-BROD-0650-C56-06A,HCM-BROD-0650-C56,tumor,OV,0.873423895,2.52591916
HCM-BROD-0213-C71-02A,HCM-BROD-0213-C71,tumor,GBM,0.927807833,1.956942745
HCM-BROD-0650-C56-85N,HCM-BROD-0650-C56,model,OV,0.979849058,2.56
HCM-SANG-1088-C18-85A,HCM-SANG-1088-C18,model,COAD,0.992502788,3.076655734
HCM-CSHL-0187-C25-85A,HCM-CSHL-0187-C25,model,PAAD,0.9897005,3.074961471
HCM-CSHL-0174-C22-85A,HCM-CSHL-0174-C22,model,CHOL,0.9755665,1.91
HCM-CSHL-0860-C18-85M,HCM-CSHL-0860-C18,model,COAD,0.997374307,2.069406392
HCM-SANG-0314-C15-85A,HCM-SANG-0314-C15,model,ESCA,0.939698167,3.889557903
HCM-BROD-0019-C25-01B,HCM-BROD-0019-C25,tumor,PAAD,0.11,1.89
HCM-SANG-0314-C15-01A,HCM-SANG-0314-C15,tumor,ESCA,0.5446324,2.085
HCM-BROD-0196-C71-85A,HCM-BROD-0196-C71,model,GBM,0.9894145,1.884809837
HCM-BROD-0101-C15-06A,HCM-BROD-0101-C15,tumor,ESCA,0.1,1.826666667
HCM-CSHL-0244-C20-85A,HCM-CSHL-0244-C20,model,READ,0.979653667,2.225
HCM-SANG-1306-C25-01A,HCM-SANG-1306-C25,tumor,PAAD,0.187769595,2.846655951
HCM-BROD-1121-C71-85A,HCM-BROD-1121-C71,model,GBM,0.991509372,2.048568219
HCM-BROD-0106-C71-02A,HCM-BROD-0106-C71,tumor,GBM,0.527067333,1.912487419
HCM-CSHL-0237-C18-01B,HCM-CSHL-0237-C18,tumor,COAD,0.5372022,4.103333333
HCM-CSHL-0622-C18-85A,HCM-CSHL-0622-C18,model,COAD,0.969961667,2.824711883
HCM-CSHL-0142-C18-01A,HCM-CSHL-0142-C18,tumor,COAD,0.695593,3.691849036
HCM-CSHL-0073-C25-01B,HCM-CSHL-0073-C25,tumor,PAAD,0.4542996,1.963363286
HCM-WCMC-0945-C54-01A,HCM-WCMC-0945-C54,tumor,UCEC,0.44,1.996666667
HCM-CSHL-0060-C18-85A,HCM-CSHL-0060-C18,model,COAD,0.990377167,3.19308315
HCM-CSHL-0808-C55-01A,HCM-CSHL-0808-C55,tumor,UCEC,0.270482602,1.820189486
HCM-CSHL-0239-C18-85A,HCM-CSHL-0239-C18,model,COAD,0.929305,3.187095531
HCM-CSHL-0729-C18-01A,HCM-CSHL-0729-C18,tumor,COAD,0.47,1.966666667
HCM-BROD-0561-C43-06A,HCM-BROD-0561-C43,tumor,SKCM,0.8873375,1.917456832
HCM-SANG-1316-C18-06A,HCM-SANG-1316-C18,tumor,COAD,0.644756719,3.746832671
HCM-CSHL-0510-D13-85A,HCM-CSHL-0510-D13,model,TVA,0.9954778,2.134346604
HCM-BROD-0644-C25-06B,HCM-BROD-0644-C25,tumor,PAAD,0.533052333,2.596666667
HCM-BROD-0028-C71-01A,HCM-BROD-0028-C71,tumor,GBM,0.569926,1.984321396
HCM-SANG-1310-C15-01A,HCM-SANG-1310-C15,tumor,ESCA,0.557603021,2.757550802
HCM-CSHL-0374-C25-85A,HCM-CSHL-0374-C25,model,PAAD,0.99,3.544672823
HCM-WCMC-0747-C50-05A,HCM-WCMC-0747-C50,tumor,BRCA,0.61,2.016666667
HCM-SANG-0297-C15-85A,HCM-SANG-0297-C15,model,ESCA,0.986804333,3.094932123
HCM-WCMC-1359-C34-85A,HCM-WCMC-1359-C34,model,LUAD,0.970360333,3.436666667
HCM-BROD-0596-C43-85O,HCM-BROD-0596-C43,model,SKCM,0.992,3.49
HCM-BROD-0485-C15-85M,HCM-BROD-0485-C15,model,ESCA,0.986,2.0825
HCM-CSHL-0811-C55-01A,HCM-CSHL-0811-C55,tumor,UCEC,0.976,3.22
HCM-BROD-0210-C71-02A,HCM-BROD-0210-C71,tumor,GBM,0.3375934,1.944388072
HCM-SANG-0530-C15-08A,HCM-SANG-0530-C15,tumor,ESCA,0.500533224,2.194834199
HCM-SANG-1312-C20-85A,HCM-SANG-1312-C20,model,READ,0.986024294,2.954658319
HCM-CSHL-0177-C25-01B,HCM-CSHL-0177-C25,tumor,PAAD,0.2874076,1.891111579
HCM-BROD-0416-C71-85B,HCM-BROD-0416-C71,model,GBM,0.99,2.086506356
HCM-SANG-1309-C25-01A,HCM-SANG-1309-C25,tumor,PAAD,0.301949383,1.820542707
HCM-BROD-1119-C43-85B,HCM-BROD-1119-C43,model,UVM,0.999166487,2.047726928
HCM-CSHL-0241-C18-01A,HCM-CSHL-0241-C18,tumor,COAD,0.341377,3.716666667
HCM-CSHL-0853-C56-07B,HCM-CSHL-0853-C56,tumor,OV,0.532911306,1.76
HCM-SANG-0522-C18-01A,HCM-SANG-0522-C18,tumor,COAD,0.262901243,2.129141861
HCM-WCMC-0751-C54-01A,HCM-WCMC-0751-C54,tumor,UCEC,0.22,2.11
HCM-CSHL-0094-C25-86A,HCM-CSHL-0094-C25,model_expanded,PAAD,0.9925,2.963333333
HCM-WCMC-0747-C50-85A,HCM-WCMC-0747-C50,model,BRCA,0.996666667,2.014420908
HCM-SANG-0778-C25-01A,HCM-SANG-0778-C25,tumor,PAAD,0.599265376,3.051797619
HCM-CSHL-0371-C25-85A,HCM-CSHL-0371-C25,model,PAAD,0.9912155,1.734231267
HCM-SANG-1333-C20-01A,HCM-SANG-1333-C20,tumor,READ,0.284476523,2.315236927
HCM-CSHL-0177-C25-85A,HCM-CSHL-0177-C25,model,PAAD,0.986,1.7025
HCM-CSHL-0059-C25-85A,HCM-CSHL-0059-C25,model,PAAD,0.996,1.971300134
HCM-SANG-0517-C20-85A,HCM-SANG-0517-C20,model,READ,0.974979762,2.999653728
HCM-WCMC-0749-C34-85A,HCM-WCMC-0749-C34,model,LUAD,0.998245167,1.877829546
HCM-BROD-0025-C16-01A,HCM-BROD-0025-C16,tumor,STAD,0.5775,1.865
HCM-BROD-0019-C25-85A,HCM-BROD-0019-C25,model,PAAD,0.991067,1.794384654
HCM-SANG-0277-C18-85A,HCM-SANG-0277-C18,model,COAD,0.986347667,2.058902467
HCM-SANG-0537-C18-01A,HCM-SANG-0537-C18,tumor,COAD,0.667802992,1.936565211
HCM-BROD-0716-C43-85N,HCM-BROD-0716-C43,model,SKCM,0.9733405,1.9725
HCM-STAN-0840-C49-06A,HCM-STAN-0840-C49,tumor,SARC,0.671269187,1.141075798
HCM-CSHL-0191-C25-01A,HCM-CSHL-0191-C25,tumor,PAAD,0.11,4.35
HCM-BROD-0873-C43-01A,HCM-BROD-0873-C43,tumor,SKCM,0.504590128,3.333333333
HCM-CSHL-0059-C25-01A,HCM-CSHL-0059-C25,tumor,PAAD,0.2242254,2.13
HCM-CSHL-0085-C24-85M,HCM-CSHL-0085-C24,model,AMPV,0.996666667,2.111574811
HCM-CSHL-0371-C25-01A,HCM-CSHL-0371-C25,tumor,PAAD,0.4626186,2.150207875
HCM-CSHL-0731-C19-85M,HCM-CSHL-0731-C19,model,READ,0.988211,3.5475
HCM-CSHL-0161-C18-85B,HCM-CSHL-0161-C18,model,COAD,0.9872444,1.943792663
HCM-BROD-0594-C43-06A,HCM-BROD-0594-C43,tumor,SKCM,0.748472167,3.030224479
HCM-BROD-1124-C16-85B,HCM-BROD-1124-C16,model,STAD,0.992914966,1.727555484
HCM-BROD-0339-C43-06A,HCM-BROD-0339-C43,tumor,SKCM,0.2369376,2.103333333
HCM-BROD-0231-C25-06A,HCM-BROD-0231-C25,tumor,PAAD,0.356666667,1.998926644
HCM-CSHL-0658-C20-85O,HCM-CSHL-0658-C20,model,READ,0.99,3.091699732
HCM-WCMC-0952-C34-85A,HCM-WCMC-0952-C34,model,LUAD,0.976984,3.745974024
HCM-WCMC-1287-C67-85A,HCM-WCMC-1287-C67,model,BLCA,0.992,3.965081015
HCM-BROD-0101-C15-85A,HCM-BROD-0101-C15,model,ESCA,0.9930915,2.542748162
HCM-BROD-0830-C71-85R,HCM-BROD-0830-C71,model,GBM,0.99,3.175
HCM-CSHL-0181-C25-01A,HCM-CSHL-0181-C25,tumor,PAAD,0.09,1.943333333
HCM-BROD-0125-C25-85B,HCM-BROD-0125-C25,model,PAAD,0.979971667,3.182853684
HCM-BROD-0420-C71-85R,HCM-BROD-0420-C71,model,GBM,0.994919167,1.808373652
HCM-BROD-0051-C64-85A,HCM-BROD-0051-C64,model,WT,0.9968252,2.017712933
HCM-SANG-0778-C25-85A,HCM-SANG-0778-C25,model,PAAD,0.987998251,2.601165377
HCM-BROD-0955-C15-06A,HCM-BROD-0955-C15,tumor,ESCA,0.6919247,2.657161151
HCM-BROD-0874-C43-85N,HCM-BROD-0874-C43,model,SKCM,0.996438926,3.063739023
HCM-SANG-0544-C15-08A,HCM-SANG-0544-C15,tumor,ESCA,0.335001311,2.745205894
HCM-CSHL-0186-C25-85A,HCM-CSHL-0186-C25,model,PAAD,0.955836667,1.882720344
HCM-CSHL-0090-C25-86A,HCM-CSHL-0090-C25,model_expanded,PAAD,0.995,3.083333333
HCM-BROD-0569-C43-06A,HCM-BROD-0569-C43,tumor,SKCM,0.3779155,4.290875099
HCM-SANG-1300-C18-85A,HCM-SANG-1300-C18,model,COAD,0.995820628,2.972999416
HCM-WCMC-0786-C34-85A,HCM-WCMC-0786-C34,model,LUAD,0.998329333,1.993995431
HCM-WCMC-0948-C67-85A,HCM-WCMC-0948-C67,model,BLCA,0.95037825,4.48
HCM-BROD-1123-C71-02A,HCM-BROD-1123-C71,tumor,GBM,0.361416251,1.959339292
HCM-BROD-0794-C16-06B,HCM-BROD-0794-C16,tumor,STAD,0.859165642,2.096497643
HCM-WCMC-1359-C34-01A,HCM-WCMC-1359-C34,tumor,LUAD,0.666,3.57
HCM-CSHL-0176-C25-01A,HCM-CSHL-0176-C25,tumor,PAAD,0.252955,1.945477762
HCM-CSHL-0467-C56-85M,HCM-CSHL-0467-C56,model,OV,0.96,2.77
HCM-CSHL-0658-C20-06A,HCM-CSHL-0658-C20,tumor,READ,0.4725,3.4
HCM-CSHL-0859-C22-85A,HCM-CSHL-0859-C22,model,CHOL,0.990327167,3.077808697
HCM-SANG-0519-C20-85A,HCM-SANG-0519-C20,model,READ,0.998925962,1.842963351
HCM-SANG-1325-C15-08A,HCM-SANG-1325-C15,tumor,ESCA,0.785706334,2.222048889
HCM-CSHL-0258-C18-01A,HCM-CSHL-0258-C18,tumor,COAD,0.6075,2.74
HCM-CSHL-0193-C25-01A,HCM-CSHL-0193-C25,tumor,PAAD,0.4385498,1.906685982
HCM-SANG-0277-C18-01B,HCM-SANG-0277-C18,tumor,COAD,0.466666667,2.055169551
HCM-SANG-1337-C18-85A,HCM-SANG-1337-C18,model,COAD,0.990460803,3.143197714
HCM-CSHL-0655-C50-06A,HCM-CSHL-0655-C50,tumor,BRCA,0.471537167,2.037887189
HCM-BROD-0199-C71-85R,HCM-BROD-0199-C71,model,GBM,0.9930614,1.933439538
HCM-CSHL-0860-C18-06A,HCM-CSHL-0860-C18,tumor,COAD,0.867367342,2.012779878
HCM-CSHL-0510-D13-01A,HCM-CSHL-0510-D13,tumor,TVA,0.91,1.78
HCM-BROD-0648-C71-85R,HCM-BROD-0648-C71,model,GBM,0.997018667,2.100886206
HCM-BROD-0423-C71-01A,HCM-BROD-0423-C71,tumor,GBM,0.806855333,2.216039338
HCM-CSHL-0379-C18-01B,HCM-CSHL-0379-C18,tumor,COAD,0.2892222,2.175789225
HCM-CSHL-0625-C18-06A,HCM-CSHL-0625-C18,tumor,COAD,0.773336776,3.287439697
HCM-CSHL-0093-C25-85A,HCM-CSHL-0093-C25,model,PAAD,0.989304333,1.881409906
HCM-SANG-0271-D12-31B,HCM-SANG-0271-D12,tumor,COTA,0.559086,2.45
HCM-CSHL-0241-C18-85A,HCM-CSHL-0241-C18,model,COAD,0.978333333,2.1
HCM-CSHL-0244-C20-01B,HCM-CSHL-0244-C20,tumor,READ,0.564,2.063333333
HCM-CSHL-1266-C20-85N,HCM-CSHL-1266-C20,model,READ,0.995030334,3.759648315
HCM-CSHL-0164-C20-85A,HCM-CSHL-0164-C20,model,COAD,0.969544333,2.030978509
HCM-SANG-0265-C18-06A,HCM-SANG-0265-C18,tumor,COAD,0.580502,2.93239657
HCM-CSHL-0063-C18-01A,HCM-CSHL-0063-C18,tumor,COAD,0.323084,1.963972924
HCM-SANG-1339-C18-85A,HCM-SANG-1339-C18,model,COAD,0.99694641,3.645420035
HCM-SANG-1092-C18-85A,HCM-SANG-1092-C18,model,COAD,0.995279185,2.087710965
HCM-BROD-0213-C71-85A,HCM-BROD-0213-C71,model,GBM,0.984431833,1.914660772
HCM-CSHL-0383-C18-85A,HCM-CSHL-0383-C18,model,COAD,0.99,2.765
HCM-CSHL-0060-C18-01B,HCM-CSHL-0060-C18,tumor,COAD,0.353408,3.289633583
HCM-SANG-0527-C18-01A,HCM-SANG-0527-C18,tumor,COAD,0.425400726,2.243417482
HCM-CSHL-0238-C18-85A,HCM-CSHL-0238-C18,model,COAD,0.988992833,3.073513661
HCM-CSHL-0405-C25-01A,HCM-CSHL-0405-C25,tumor,PAAD,0.515615,1.871147313
HCM-SANG-1321-C18-85A,HCM-SANG-1321-C18,model,COAD,0.95976275,1.991791054
HCM-CSHL-0603-C18-06A,HCM-CSHL-0603-C18,tumor,COAD,0.7551051,2.985846729
HCM-STAN-0846-C20-01D,HCM-STAN-0846-C20,tumor,READ,0.7637618,2.616666667
HCM-SANG-1081-C20-08A,HCM-SANG-1081-C20,tumor,READ,0.1820551,2.92
HCM-BROD-0195-C71-85A,HCM-BROD-0195-C71,model,GBM,0.971323833,5.341161507
HCM-SANG-0284-C18-01A,HCM-SANG-0284-C18,tumor,COAD,0.2130802,3.374002669
HCM-SANG-1311-C18-85A,HCM-SANG-1311-C18,model,COAD,0.984160915,2.965189784
HCM-CSHL-0621-C18-06A,HCM-CSHL-0621-C18,tumor,COAD,0.653505464,1.926415184
HCM-SANG-1337-C18-01A,HCM-SANG-1337-C18,tumor,COAD,0.492407681,3.266639009
HCM-BROD-0036-C41-06A,HCM-BROD-0036-C41,tumor,SARC,0.243333333,1.963333333
HCM-CSHL-0853-C56-07A,HCM-CSHL-0853-C56,tumor,OV,0.669726732,1.874187045
HCM-BROD-0418-C71-01A,HCM-BROD-0418-C71,tumor,GBM,0.675475525,2.019434296
HCM-SANG-0535-C20-08A,HCM-SANG-0535-C20,tumor,READ,0.247352057,2.222628536
HCM-BROD-0679-C43-85M,HCM-BROD-0679-C43,model,SKCM,0.9809535,1.965548521
HCM-CSHL-0507-C20-85A,HCM-CSHL-0507-C20,model,READ,0.995463333,3.572537515
HCM-SANG-1087-C18-85A,HCM-SANG-1087-C18,model,COAD,0.98004923,2.228769778
HCM-SANG-0518-C18-85A,HCM-SANG-0518-C18,model,COAD,0.993014041,3.340525707
HCM-CSHL-0065-C20-85A,HCM-CSHL-0065-C20,model,COAD,0.985995833,3.347695337
HCM-BROD-0719-C43-06B,HCM-BROD-0719-C43,tumor,SKCM,0.15,4.87856122
HCM-BROD-0115-C16-85A,HCM-BROD-0115-C16,model,STAD,0.992571333,1.989025623
HCM-CSHL-0654-C26-06A,HCM-CSHL-0654-C26,tumor,MISC,0.745317167,2.825158164
HCM-WCMC-0786-C34-01A,HCM-WCMC-0786-C34,tumor,LUAD,0.322,2.024622051
HCM-WCMC-0946-C34-85A,HCM-WCMC-0946-C34,model,LUAD,0.9925,1.97
HCM-BROD-0614-C71-85B,HCM-BROD-0614-C71,model,GBM,0.9911205,1.976826342
HCM-BROD-0579-C16-06A,HCM-BROD-0579-C16,tumor,STAD,0.495256888,3.74189207
HCM-CSHL-0159-C18-01B,HCM-CSHL-0159-C18,tumor,COAD,0.535,2.293333333
HCM-CSHL-0085-C24-06A,HCM-CSHL-0085-C24,tumor,AMPV,0.262750833,2.155613351
HCM-CSHL-0174-C22-86A,HCM-CSHL-0174-C22,model_expanded,CHOL,0.9925,3.42
HCM-SANG-1311-C18-01A,HCM-SANG-1311-C18,tumor,COAD,0.416098333,4.534386824
HCM-SANG-0542-C18-01A,HCM-SANG-0542-C18,tumor,COAD,0.437650649,2.065285848
HCM-SANG-0546-C15-85A,HCM-SANG-0546-C15,model,ESCA,0.974793093,2.65695226
HCM-BROD-0120-C15-85A,HCM-BROD-0120-C15,model,ESCA,0.984,4.2625
HCM-BROD-0489-C15-85M,HCM-BROD-0489-C15,model,ESCA,0.958776167,2.5525
HCM-SANG-0533-C20-85A,HCM-SANG-0533-C20,model,READ,1.0,3.696764391
HCM-SANG-1330-C19-01A,HCM-SANG-1330-C19,tumor,COAD,0.4732255,3.27
HCM-WCMC-0502-C15-01A,HCM-WCMC-0502-C15,tumor,ESCA,0.25853775,2.127448894
HCM-CSHL-0064-C18-86A,HCM-CSHL-0064-C18,model_expanded,COAD,0.99,4.036666667
HCM-WCMC-0505-C16-85A,HCM-WCMC-0505-C16,model,STAD,0.9788895,3.225955746
HCM-CSHL-0376-D37-85P,HCM-CSHL-0376-D37,model,TVA,1.0,1.967653288
HCM-SANG-1310-C15-85A,HCM-SANG-1310-C15,model,ESCA,0.990869916,2.781655735
HCM-BROD-0689-C71-02A,HCM-BROD-0689-C71,tumor,GBM,0.483091333,2.260240229
HCM-CSHL-0509-C24-06A,HCM-CSHL-0509-C24,tumor,AMPV,0.832,2.085799404
HCM-CSHL-0817-C22-01A,HCM-CSHL-0817-C22,tumor,CHOL,0.3082536,3.7
HCM-WCMC-1285-C54-01A,HCM-WCMC-1285-C54,tumor,UCEC,0.239018,1.892634766
HCM-CSHL-0082-C25-01A,HCM-CSHL-0082-C25,tumor,PAAD,0.78,1.982095016
HCM-BROD-0223-C43-06A,HCM-BROD-0223-C43,tumor,SKCM,0.8377625,1.765493102
HCM-CSHL-0802-C67-01A,HCM-CSHL-0802-C67,tumor,BLCA,0.329845544,2.44
HCM-BROD-0483-C16-06A,HCM-BROD-0483-C16,tumor,STAD,0.472121667,2.898781944
HCM-SANG-1317-C20-06A,HCM-SANG-1317-C20,tumor,READ,0.844933329,3.245353182
HCM-BROD-0003-C71-01A,HCM-BROD-0003-C71,tumor,GBM,0.878677167,2.889002164
HCM-WCMC-0951-C67-01A,HCM-WCMC-0951-C67,tumor,BLCA,0.874973333,1.991891575
HCM-SANG-1320-C25-85A,HCM-SANG-1320-C25,model,PAAD,0.989531,3.397438401
HCM-CSHL-0859-C22-01A,HCM-CSHL-0859-C22,tumor,CHOL,0.3746782,3.296666667
HCM-WCMC-1340-C54-85A,HCM-WCMC-1340-C54,model,UCEC,0.9875,1.95
HCM-CSHL-0382-C19-01A,HCM-CSHL-0382-C19,tumor,COAD,0.348195667,2.733391708
HCM-SANG-1330-C19-85A,HCM-SANG-1330-C19,model,COAD,0.988331543,3.090403189
HCM-CSHL-0192-C25-85A,HCM-CSHL-0192-C25,model,PAAD,0.968246667,1.924669934
HCM-CSHL-0078-C25-85M,HCM-CSHL-0078-C25,model,PAAD,0.978586833,2.925
HCM-BROD-0420-C71-02B,HCM-BROD-0420-C71,tumor,GBM,0.540605333,1.913467516
HCM-BROD-1124-C16-06A,HCM-BROD-1124-C16,tumor,STAD,0.463105956,1.910955419
HCM-CSHL-0183-C25-85A,HCM-CSHL-0183-C25,model,PAAD,0.990733167,3.404928992
HCM-CSHL-0084-C25-85B,HCM-CSHL-0084-C25,model,PAAD,0.9839158,2.7075
HCM-BROD-0100-C15-01A,HCM-BROD-0100-C15,tumor,ESCA,0.436304,2.702797316
HCM-SANG-1092-C18-01A,HCM-SANG-1092-C18,tumor,COAD,0.728813855,2.110483227
HCM-CSHL-0802-C67-85B,HCM-CSHL-0802-C67,model,BLCA,0.987912794,4.44
HCM-BROD-0116-C16-01A,HCM-BROD-0116-C16,tumor,STAD,0.3553198,2.12316571
HCM-CSHL-0461-D12-31A,HCM-CSHL-0461-D12,tumor,SESP,0.78,1.885807419
HCM-CSHL-0078-C25-01A,HCM-CSHL-0078-C25,tumor,PAAD,0.539175833,2.991765758
HCM-BROD-0762-C49-85B,HCM-BROD-0762-C49,model,DEST,0.9,2.122865576
HCM-CSHL-0077-C25-01B,HCM-CSHL-0077-C25,tumor,PAAD,0.6128305,3.694146368
HCM-BROD-0200-C71-85B,HCM-BROD-0200-C71,model,GBM,0.998,1.84
HCM-WCMC-1287-C67-01A,HCM-WCMC-1287-C67,tumor,BLCA,0.826666667,3.84
HCM-CSHL-0807-C54-85B,HCM-CSHL-0807-C54,model,UCEC,0.9975,2.07
HCM-BROD-0614-C71-01A,HCM-BROD-0614-C71,tumor,GBM,0.813332,2.016121285
HCM-BROD-0701-C43-06B,HCM-BROD-0701-C43,tumor,SKCM,0.54,4.75456923
HCM-CSHL-0064-C18-85A,HCM-CSHL-0064-C18,model,COAD,0.973175,3.944473361
HCM-SANG-0271-D12-85B,HCM-SANG-0271-D12,model,COTA,1.0,4.81
HCM-SANG-1326-C15-01A,HCM-SANG-1326-C15,tumor,ESCA,0.741763955,2.764654093
HCM-SANG-1090-C18-85A,HCM-SANG-1090-C18,model,COAD,0.991964112,2.039858744
HCM-CSHL-0376-D37-31A,HCM-CSHL-0376-D37,tumor,TVA,0.5638602,2.072099461
HCM-CSHL-0056-C18-85B,HCM-CSHL-0056-C18,model,COAD,1.0,1.98
HCM-CSHL-0384-D37-31B,HCM-CSHL-0384-D37,tumor,TVA,0.51,1.974622375
HCM-SANG-1313-C18-85A,HCM-SANG-1313-C18,model,COAD,0.987347763,3.410225368
HCM-CSHL-0247-C18-06A,HCM-CSHL-0247-C18,tumor,COAD,0.805007667,1.950814004
HCM-CSHL-0258-C18-85D,HCM-CSHL-0258-C18,model,COAD,0.992672333,2.568141739
HCM-BROD-0455-C71-85A,HCM-BROD-0455-C71,model,GBM,0.976,4.4
HCM-SANG-1322-C15-85A,HCM-SANG-1322-C15,model,ESCA,0.978785749,3.386591236
HCM-CSHL-0078-C25-85B,HCM-CSHL-0078-C25,model,PAAD,0.9844966,2.695687846
HCM-CSHL-0868-C56-06A,HCM-CSHL-0868-C56,tumor,OV,0.352909833,1.703926206
HCM-STAN-0848-C20-01A,HCM-STAN-0848-C20,tumor,READ,0.604041905,2.13977198
HCM-SANG-0527-C18-85A,HCM-SANG-0527-C18,model,COAD,0.986022961,3.866385406
HCM-BROD-0209-C71-02A,HCM-BROD-0209-C71,tumor,GBM,0.641065833,3.18100383
HCM-BROD-0561-C43-85M,HCM-BROD-0561-C43,model,SKCM,0.971529,3.256773548
HCM-CSHL-0622-C18-06A,HCM-CSHL-0622-C18,tumor,COAD,0.5714312,2.89911334
HCM-CSHL-0377-C18-85A,HCM-CSHL-0377-C18,model,COAD,0.995642333,1.9866962
HCM-CSHL-0878-C18-85A,HCM-CSHL-0878-C18,model,COAD,0.996348647,1.817350867
HCM-SANG-0294-C15-85A,HCM-SANG-0294-C15,model,ESCA,0.991736167,2.751040238
HCM-CSHL-0384-D37-85P,HCM-CSHL-0384-D37,model,TVA,0.992,1.966168727
HCM-CSHL-0512-C24-06A,HCM-CSHL-0512-C24,tumor,AMPV,0.4280055,1.96232934
HCM-SANG-0284-C18-85A,HCM-SANG-0284-C18,model,COAD,0.9712088,3.106777798
HCM-BROD-0416-C71-01A,HCM-BROD-0416-C71,tumor,GBM,0.951662,2.098501515
HCM-BROD-0871-C49-85M,HCM-BROD-0871-C49,model,SARC,0.987350859,1.934977897
HCM-CSHL-0248-C19-01A,HCM-CSHL-0248-C19,tumor,COAD,0.2718528,3.22
HCM-CSHL-0189-C25-01A,HCM-CSHL-0189-C25,tumor,PAAD,0.345995,2.018671463
HCM-SANG-0287-C20-01A,HCM-SANG-0287-C20,tumor,READ,0.26935,1.951250165
HCM-BROD-0448-C15-06A,HCM-BROD-0448-C15,tumor,ESCA,0.1689798,3.213333333
HCM-STAN-0627-C34-85A,HCM-STAN-0627-C34,model,LUSC,0.992199167,1.859275371
HCM-CSHL-0811-C55-85A,HCM-CSHL-0811-C55,model,UCEC,0.987523333,3.079038094
HCM-CSHL-0807-C54-01A,HCM-CSHL-0807-C54,tumor,UCEC,0.8725,2.06
HCM-CSHL-0081-C25-85B,HCM-CSHL-0081-C25,model,PAAD,0.9624586,1.822712436
HCM-WCMC-0675-C67-02A,HCM-WCMC-0675-C67,tumor,BLCA,0.37164275,4.668251043
HCM-CSHL-0655-C50-85N,HCM-CSHL-0655-C50,model,BRCA,0.987911833,1.980973183
HCM-BROD-0489-C15-06A,HCM-BROD-0489-C15,tumor,ESCA,0.25,1.953080465
HCM-BROD-0001-C18-85M,HCM-BROD-0001-C18,model,READ,0.978157014,2.50597992
HCM-CSHL-0255-C18-85F,HCM-CSHL-0255-C18,model,COAD,0.996945986,1.969992602
HCM-BROD-0701-C43-85M,HCM-BROD-0701-C43,model,SKCM,0.42,1.967185454
HCM-CSHL-0372-C25-85A,HCM-CSHL-0372-C25,model,PAAD,0.985501833,1.830238197
HCM-CSHL-0727-C18-06A,HCM-CSHL-0727-C18,tumor,COAD,0.527313,3.028881756
HCM-CSHL-0080-C25-85A,HCM-CSHL-0080-C25,model,PAAD,0.980779333,2.615547169
HCM-SANG-1329-C15-01A,HCM-SANG-1329-C15,tumor,ESCA,0.252587297,2.974164966
HCM-BROD-0041-C64-85A,HCM-BROD-0041-C64,model,WT,0.986,1.9925
HCM-CSHL-0246-C19-85A,HCM-CSHL-0246-C19,model,READ,0.993622333,2.323333333
HCM-SANG-1322-C15-08A,HCM-SANG-1322-C15,tumor,ESCA,0.322501481,3.65
HCM-STAN-0841-C18-01A,HCM-STAN-0841-C18,tumor,COAD,0.762300788,3.805716582
HCM-BROD-0053-C49-06A,HCM-BROD-0053-C49,tumor,SARC,0.52,1.996494902
HCM-WCMC-1074-C56-85A,HCM-WCMC-1074-C56,model,OV,0.997503667,1.971181953
HCM-CSHL-0608-C17-06A,HCM-CSHL-0608-C17,tumor,SIAC,0.823333333,2.083488441
HCM-BROD-0693-C71-01A,HCM-BROD-0693-C71,tumor,GBM,0.709797667,3.747899346
HCM-BROD-0569-C43-85M,HCM-BROD-0569-C43,model,SKCM,0.9926945,3.755868795
HCM-CSHL-0853-C56-85D,HCM-CSHL-0853-C56,model,OV,0.963996896,1.763452788
HCM-CSHL-0603-C18-85M,HCM-CSHL-0603-C18,model,COAD,0.996107214,3.046073948
HCM-BROD-0116-C16-85B,HCM-BROD-0116-C16,model,STAD,0.9768325,3.289192701
HCM-SANG-1093-C18-01A,HCM-SANG-1093-C18,tumor,COAD,0.311157831,1.923784758
HCM-SANG-0548-C25-01A,HCM-SANG-0548-C25,tumor,PAAD,0.214044159,3.121809569
HCM-CSHL-0073-C25-85B,HCM-CSHL-0073-C25,model,PAAD,0.989479,1.861303118
HCM-SANG-1333-C20-85A,HCM-SANG-1333-C20,model,READ,0.95834214,3.96575448
HCM-WCMC-1284-C67-85A,HCM-WCMC-1284-C67,model,BLCA,1.0,1.98
HCM-SANG-0519-C20-01A,HCM-SANG-0519-C20,tumor,READ,0.485872562,1.853387859
HCM-BROD-0199-C71-01A,HCM-BROD-0199-C71,tumor,GBM,0.6461895,2.09191557
HCM-CSHL-0057-C18-01B,HCM-CSHL-0057-C18,tumor,COAD,0.712273,2.713333333
HCM-CSHL-0374-C25-01A,HCM-CSHL-0374-C25,tumor,PAAD,0.3711915,3.65
HCM-BROD-0962-C16-06A,HCM-BROD-0962-C16,tumor,STAD,0.159542653,2.007954058
HCM-BROD-0100-C15-85A,HCM-BROD-0100-C15,model,ESCA,0.9927325,2.875
HCM-CSHL-0806-C54-85A,HCM-CSHL-0806-C54,model,UCEC,0.993413876,2.105585126
HCM-BROD-0709-C64-85B,HCM-BROD-0709-C64,model,KIRC,0.857650333,1.892188617
HCM-BROD-0615-C16-06A,HCM-BROD-0615-C16,tumor,STAD,0.500777805,4.290178749
HCM-CSHL-0061-C18-85A,HCM-CSHL-0061-C18,model,COAD,0.981540833,3.619569261
HCM-SANG-1301-C20-85A,HCM-SANG-1301-C20,model,READ,0.998483879,2.019232373
HCM-BROD-0444-C43-06A,HCM-BROD-0444-C43,tumor,SKCM,0.655875167,2.322994376
HCM-CSHL-0461-D12-86A,HCM-CSHL-0461-D12,model_expanded,SESP,0.996666667,2.01
HCM-CSHL-0062-C18-85A,HCM-CSHL-0062-C18,model,READ,0.9975,2.073333333
HCM-BROD-0834-C43-85M,HCM-BROD-0834-C43,model,SKCM,0.988333333,2.007507261
HCM-BROD-0557-C43-06A,HCM-BROD-0557-C43,tumor,SKCM,0.726,3.835
HCM-BROD-0962-C16-85A,HCM-BROD-0962-C16,model,STAD,0.949698656,1.68
HCM-WCMC-0788-C34-85A,HCM-WCMC-0788-C34,model,LUAD,0.97451,4.333953554
HCM-SANG-1091-C18-01A,HCM-SANG-1091-C18,tumor,COAD,0.279713898,4.065235097
HCM-BROD-0002-C71-85A,HCM-BROD-0002-C71,model,GBM,0.9075,1.91
HCM-BROD-0577-C15-85M,HCM-BROD-0577-C15,model,ESCA,0.985198833,2.881985285
HCM-CSHL-0193-C25-85A,HCM-CSHL-0193-C25,model,PAAD,0.9946035,1.765980431
HCM-CSHL-0182-C25-01A,HCM-CSHL-0182-C25,tumor,PAAD,0.268732,3.43
HCM-BROD-0196-C71-01A,HCM-BROD-0196-C71,tumor,GBM,0.909404,1.935713606
HCM-SANG-1087-C18-01A,HCM-SANG-1087-C18,tumor,COAD,0.25,2.096666667
HCM-BROD-0477-C16-85M,HCM-BROD-0477-C16,model,STAD,0.976,3.18456131
HCM-CSHL-0057-C18-85B,HCM-CSHL-0057-C18,model,COAD,0.990713833,2.574699354
HCM-SANG-0541-C20-08A,HCM-SANG-0541-C20,tumor,READ,0.139444027,1.956322257
HCM-SANG-1314-C18-85A,HCM-SANG-1314-C18,model,COAD,0.980372395,3.32906367
HCM-CSHL-0061-C18-01A,HCM-CSHL-0061-C18,tumor,COAD,0.3700194,3.8975
HCM-BROD-0642-C43-06A,HCM-BROD-0642-C43,tumor,SKCM,0.9112835,3.095139633
HCM-CSHL-0250-C50-01A,HCM-CSHL-0250-C50,tumor,BRCA,0.38,3.043333333
HCM-CSHL-0090-C25-85A,HCM-CSHL-0090-C25,model,PAAD,0.972,3.033733883
HCM-SANG-0539-C18-01A,HCM-SANG-0539-C18,tumor,COAD,0.593281064,2.19055268
HCM-WCMC-0504-C18-85A,HCM-WCMC-0504-C18,model,COAD,0.967366333,2.05289417
HCM-CSHL-0323-C20-85A,HCM-CSHL-0323-C20,model,READ,0.9942505,2.452294553
HCM-BROD-1128-C15-85B,HCM-BROD-1128-C15,model,ESCA,0.30061258,2.818922194
HCM-CSHL-0089-C25-06A,HCM-CSHL-0089-C25,tumor,PAAD,0.643401833,3.148515936
HCM-SANG-0529-C18-85A,HCM-SANG-0529-C18,model,COAD,0.981949317,2.913716931
HCM-CSHL-0379-C18-06A,HCM-CSHL-0379-C18,tumor,COAD,0.61,4.12
HCM-CSHL-1269-C18-06A,HCM-CSHL-1269-C18,tumor,COAD,0.861624,2.90185542
HCM-BROD-0025-C16-85A,HCM-BROD-0025-C16,model,STAD,0.9994165,1.829166928
HCM-CSHL-0582-C18-06A,HCM-CSHL-0582-C18,tumor,COAD,0.874886333,2.7925
HCM-CSHL-0621-C18-85M,HCM-CSHL-0621-C18,model,COAD,0.994917075,1.84637033
HCM-CSHL-0434-C24-85M,HCM-CSHL-0434-C24,model,CHOL,0.990136667,3.371807563
HCM-CSHL-0460-C50-01B,HCM-CSHL-0460-C50,tumor,BRCA,0.3132758,2.1325
HCM-CSHL-0063-C18-85A,HCM-CSHL-0063-C18,model,COAD,0.991483833,3.829522609
HCM-BROD-0007-C49-06A,HCM-BROD-0007-C49,tumor,SARC,0.8420606,3.774314508
HCM-SANG-1090-C18-08A,HCM-SANG-1090-C18,tumor,COAD,0.172766518,2.032449337
HCM-SANG-0780-C25-85A,HCM-SANG-0780-C25,model,PAAD,0.989844771,3.242656567
HCM-BROD-0783-C71-85R,HCM-BROD-0783-C71,model,GBM,0.955236615,1.759070081
HCM-BROD-0041-C64-01A,HCM-BROD-0041-C64,tumor,WT,0.8714045,1.912857301
HCM-BROD-0104-C71-01A,HCM-BROD-0104-C71,tumor,GBM,0.8796932,2.02029544
HCM-SANG-1334-C18-85A,HCM-SANG-1334-C18,model,COAD,0.994809996,1.975438236
HCM-BROD-0578-C15-85M,HCM-BROD-0578-C15,model,ESCA,0.990442333,1.925374318
HCM-BROD-0870-C43-06B,HCM-BROD-0870-C43,tumor,SKCM,0.56638252,4.52858749
HCM-CSHL-0460-C50-85A,HCM-CSHL-0460-C50,model,BRCA,0.993333333,2.017550315
HCM-SANG-0547-C25-08A,HCM-SANG-0547-C25,tumor,PAAD,0.219932897,1.836670099
HCM-CSHL-0088-C25-01A,HCM-CSHL-0088-C25,tumor,PAAD,0.2580948,1.957616914
HCM-CSHL-0740-C18-85N,HCM-CSHL-0740-C18,model,COAD,0.990655333,2.823412331
HCM-CSHL-0141-C18-85A,HCM-CSHL-0141-C18,model,COAD,0.954,3.35
HCM-SANG-1094-C16-01A,HCM-SANG-1094-C16,tumor,ESCA,0.229371971,5.73
HCM-WCMC-0789-C34-01A,HCM-WCMC-0789-C34,tumor,LUAD,0.4297485,2.265406666
HCM-SANG-0272-C20-85A,HCM-SANG-0272-C20,model,READ,0.991620333,3.303401513
HCM-BROD-0794-C16-85M,HCM-BROD-0794-C16,model,STAD,0.995371628,2.037533228
HCM-BROD-0724-C43-06A,HCM-BROD-0724-C43,tumor,SKCM,0.927579292,4.103036017
HCM-SANG-0530-C15-85A,HCM-SANG-0530-C15,model,ESCA,0.989621755,2.559605998
HCM-BROD-0613-C71-01A,HCM-BROD-0613-C71,tumor,GBM,0.842255,2.141726296
HCM-BROD-1128-C15-06A,HCM-BROD-1128-C15,tumor,ESCA,0.293993527,2.746739841
HCM-BROD-0716-C43-06B,HCM-BROD-0716-C43,tumor,SKCM,0.681961667,1.971734774
HCM-BROD-0869-C43-85A,HCM-BROD-0869-C43,model,SKCM,0.46,3.3
HCM-CSHL-0907-C50-85B,HCM-CSHL-0907-C50,model,BRCA,0.99159217,3.910592425
HCM-BROD-0472-C34-06B,HCM-BROD-0472-C34,tumor,SCLC,0.8319625,3.063898515
HCM-CSHL-0082-C25-85A,HCM-CSHL-0082-C25,model,PAAD,1.0,1.92
HCM-WCMC-1285-C54-85A,HCM-WCMC-1285-C54,model,UCEC,0.8875,2.062286946
HCM-BROD-0002-C71-86A,HCM-BROD-0002-C71,model_expanded,GBM,0.958,2.01697625
HCM-SANG-1305-C15-85A,HCM-SANG-1305-C15,model,ESCA,0.992599409,2.390604512
HCM-SANG-0522-C18-85A,HCM-SANG-0522-C18,model,COAD,0.994770055,3.885421128
HCM-BROD-0014-C71-85B,HCM-BROD-0014-C71,model,GBM,0.994876833,1.960673428
HCM-CSHL-0081-C25-01A,HCM-CSHL-0081-C25,tumor,PAAD,0.3207472,1.890095656
HCM-BROD-0047-C71-02A,HCM-BROD-0047-C71,tumor,GBM,0.845475833,1.676132628
HCM-CSHL-0091-C25-01A,HCM-CSHL-0091-C25,tumor,PAAD,0.461851167,1.866991183
HCM-BROD-0418-C71-85B,HCM-BROD-0418-C71,model,GBM,0.982118082,3.926388851
HCM-SANG-0533-C20-01A,HCM-SANG-0533-C20,tumor,READ,0.522323961,3.779469956
HCM-BROD-0415-C71-85R,HCM-BROD-0415-C71,model,GBM,0.994,1.990947239
HCM-SANG-1317-C20-85A,HCM-SANG-1317-C20,model,READ,0.991667208,3.135382903
HCM-SANG-1318-C20-06A,HCM-SANG-1318-C20,tumor,READ,0.36050025,3.00981958
HCM-WCMC-1340-C54-01A,HCM-WCMC-1340-C54,tumor,UCEC,0.96,1.99
HCM-CSHL-0835-C20-85N,HCM-CSHL-0835-C20,model,READ,0.990469833,2.112268322
HCM-CSHL-0077-C25-85A,HCM-CSHL-0077-C25,model,PAAD,0.982453833,4.013059421
HCM-SANG-1339-C18-01A,HCM-SANG-1339-C18,tumor,COAD,0.368816908,4.378230949
HCM-STAN-1113-C18-85B,HCM-STAN-1113-C18,model,COAD,0.990345184,3.256837212
HCM-CSHL-0385-C18-85A,HCM-CSHL-0385-C18,model,COAD,0.98,4.31
HCM-BROD-0118-C16-06A,HCM-BROD-0118-C16,tumor,STAD,0.331311,2.145452466
HCM-WCMC-0675-C67-85R,HCM-WCMC-0675-C67,model,BLCA,0.9975,3.59
HCM-BROD-0679-C43-06A,HCM-BROD-0679-C43,tumor,SKCM,0.848464333,2.034552074
HCM-BROD-0027-C34-06A,HCM-BROD-0027-C34,tumor,LUAD,0.483213008,3.860172696
HCM-CSHL-1265-C25-01A,HCM-CSHL-1265-C25,tumor,PAAD,0.857264919,3.645593931
HCM-BROD-0110-C25-01A,HCM-BROD-0110-C25,tumor,PAAD,0.3485365,2.000241812
HCM-CSHL-0868-C56-85A,HCM-CSHL-0868-C56,model,OV,0.993511268,3.152295866
HCM-BROD-0421-C71-01B,HCM-BROD-0421-C71,tumor,GBM,0.654375333,4.836039787
HCM-BROD-0689-C71-85R,HCM-BROD-0689-C71,model,GBM,0.983631,2.090444194
HCM-BROD-0959-C18-06A,HCM-BROD-0959-C18,tumor,COAD,0.293499714,3.005288593
HCM-CSHL-0084-C25-01A,HCM-CSHL-0084-C25,tumor,PAAD,0.3410786,2.912875486
HCM-STAN-0841-C18-85A,HCM-STAN-0841-C18,model,COAD,0.994741268,3.734128122
HCM-CSHL-0664-C18-85M,HCM-CSHL-0664-C18,model,COAD,0.993333333,3.717695705
HCM-BROD-0110-C25-85A,HCM-BROD-0110-C25,model,PAAD,0.9569865,1.842952931
HCM-BROD-0220-C15-85D,HCM-BROD-0220-C15,model,ESCA,0.66416275,2.44
HCM-CSHL-0740-C18-06A,HCM-CSHL-0740-C18,tumor,COAD,0.4986456,2.970576902
HCM-SANG-0265-C18-85A,HCM-SANG-0265-C18,model,COAD,0.990402833,2.765
HCM-BROD-0719-C43-85N,HCM-BROD-0719-C43,model,SKCM,0.6,2.131601082
HCM-BROD-0455-C71-01A,HCM-BROD-0455-C71,tumor,GBM,0.782,2.0075
HCM-SANG-1094-C16-85A,HCM-SANG-1094-C16,model,ESCA,0.963190234,2.722328431
HCM-WCMC-0673-C56-05A,HCM-WCMC-0673-C56,tumor,OV,0.536666667,1.996666667
HCM-BROD-0035-C49-06A,HCM-BROD-0035-C49,tumor,SARC,0.36,2.036666667
HCM-BROD-0001-C18-06A,HCM-BROD-0001-C18,tumor,READ,0.94,3.28
HCM-CSHL-0507-C20-06A,HCM-CSHL-0507-C20,tumor,READ,0.887392333,3.855023898
HCM-CSHL-0074-C25-01A,HCM-CSHL-0074-C25,tumor,PAAD,0.347474333,1.965305263
HCM-BROD-0027-C34-85A,HCM-BROD-0027-C34,model,LUAD,0.985533667,3.837624061
HCM-SANG-1321-C18-01A,HCM-SANG-1321-C18,tumor,COAD,0.26218175,2.045714724
HCM-CSHL-0065-C20-06A,HCM-CSHL-0065-C20,tumor,COAD,0.782,3.09
HCM-BROD-0483-C16-85M,HCM-BROD-0483-C16,model,STAD,0.996,2.6625
HCM-CSHL-0141-C18-01A,HCM-CSHL-0141-C18,tumor,COAD,0.5202626,3.31
HCM-BROD-0115-C16-01A,HCM-BROD-0115-C16,tumor,STAD,0.628690667,1.995721242
HCM-WCMC-0751-C54-85A,HCM-WCMC-0751-C54,model,UCEC,0.94,3.708747644
HCM-SANG-1089-C18-85A,HCM-SANG-1089-C18,model,COAD,0.994450793,2.043987428
HCM-BROD-0011-C71-85A,HCM-BROD-0011-C71,model,GBM,0.993665,3.585613113
HCM-CSHL-0250-C50-85C,HCM-CSHL-0250-C50,model,BRCA,0.9905746,2.775404384
HCM-SANG-0294-C15-01A,HCM-SANG-0294-C15,tumor,ESCA,0.1843082,2.817859081
HCM-BROD-0874-C43-06A,HCM-BROD-0874-C43,tumor,SKCM,0.774793836,3.883970883
HCM-SANG-0310-C15-85A,HCM-SANG-0310-C15,model,ESCA,0.985189333,2.460470595
HCM-BROD-0597-C64-01B,HCM-BROD-0597-C64,tumor,WT,0.6025,2.01
HCM-BROD-0483-C16-85N,HCM-BROD-0483-C16,model,STAD,0.975099667,2.6275
HCM-BROD-0007-C49-85B,HCM-BROD-0007-C49,model,SARC,0.98545353,3.69007432
HCM-BROD-0681-C71-85R,HCM-BROD-0681-C71,model,GBM,0.9741885,1.973924347
HCM-CSHL-0179-C25-01A,HCM-CSHL-0179-C25,tumor,PAAD,0.4392576,3.433333333
HCM-SANG-1323-C15-85A,HCM-SANG-1323-C15,model,ESCA,0.991825326,2.67210107
HCM-CSHL-0433-C24-01A,HCM-CSHL-0433-C24,tumor,CHOL,0.34734725,1.810120789
HCM-SANG-1315-C18-06A,HCM-SANG-1315-C18,tumor,COAD,0.46622724,2.551731739
HCM-SANG-1086-C18-01A,HCM-SANG-1086-C18,tumor,COAD,0.603015349,2.027940757
HCM-BROD-0959-C18-85B,HCM-BROD-0959-C18,model,COAD,0.993680708,2.983391434
HCM-CSHL-0160-C18-85A,HCM-CSHL-0160-C18,model,COAD,0.9739995,4.634086241
HCM-BROD-0002-C71-01A,HCM-BROD-0002-C71,tumor,GBM,0.823632044,1.97368638
HCM-BROD-0095-C15-85A,HCM-BROD-0095-C15,model,ESCA,0.9971855,2.52712729
HCM-CSHL-0092-C25-85A,HCM-CSHL-0092-C25,model,PAAD,0.997636333,1.947720069
HCM-BROD-0199-C71-02A,HCM-BROD-0199-C71,tumor,GBM,0.874397333,1.927887107
HCM-WCMC-0749-C34-01A,HCM-WCMC-0749-C34,tumor,LUAD,0.280851667,1.904139355
HCM-CSHL-0433-C24-85A,HCM-CSHL-0433-C24,model,CHOL,0.9894065,1.923187896
HCM-BROD-0104-C71-85B,HCM-BROD-0104-C71,model,GBM,0.986666667,2.047308925
HCM-BROD-0695-C71-02B,HCM-BROD-0695-C71,tumor,GBM,0.2776845,2.04
HCM-SANG-1334-C18-01A,HCM-SANG-1334-C18,tumor,COAD,0.1754968,2.002300946
HCM-SANG-1305-C15-08A,HCM-SANG-1305-C15,tumor,ESCA,0.399652335,2.219706003
HCM-CSHL-0625-C18-85M,HCM-CSHL-0625-C18,model,COAD,0.986079559,3.006883755
HCM-SANG-1304-C20-85A,HCM-SANG-1304-C20,model,READ,0.995474207,2.838819238
HCM-BROD-0644-C25-85M,HCM-BROD-0644-C25,model,PAAD,0.978775333,2.513353357
HCM-CSHL-0089-C25-85A,HCM-CSHL-0089-C25,model,PAAD,0.93,2.655
HCM-CSHL-0383-C18-01A,HCM-CSHL-0383-C18,tumor,COAD,0.619964667,2.89620971
HCM-CSHL-0586-C32-85D,HCM-CSHL-0586-C32,model,HNSC,0.970970443,3.876998298
HCM-SANG-1301-C20-08A,HCM-SANG-1301-C20,tumor,READ,0.291699563,2.091222967
HCM-CSHL-0158-C20-85A,HCM-CSHL-0158-C20,model,READ,0.985364167,3.641038723
HCM-WCMC-0952-C34-01A,HCM-WCMC-0952-C34,tumor,LUAD,0.3992382,4.536657452
HCM-BROD-0417-C71-85A,HCM-BROD-0417-C71,model,GBM,0.9919915,3.28485832
HCM-SANG-1325-C15-85A,HCM-SANG-1325-C15,model,ESCA,0.990356769,2.223041715
HCM-CSHL-0076-C25-01A,HCM-CSHL-0076-C25,tumor,PAAD,0.2937644,1.97827969
HCM-BROD-0035-C49-85M,HCM-BROD-0035-C49,model,SARC,0.821736829,2.021844316
HCM-SANG-1320-C25-01A,HCM-SANG-1320-C25,tumor,PAAD,0.409459643,1.866342848
HCM-CSHL-0056-C18-01B,HCM-CSHL-0056-C18,tumor,COAD,1.0,2.136666667
HCM-BROD-0615-C16-85M,HCM-BROD-0615-C16,model,STAD,0.990845889,4.225397928
HCM-BROD-1186-C64-01A,HCM-BROD-1186-C64,tumor,KIRC,0.601754104,3.172633903
HCM-BROD-0745-C43-85M,HCM-BROD-0745-C43,model,SKCM,0.972,3.0025
HCM-CSHL-0434-C24-85A,HCM-CSHL-0434-C24,model,CHOL,0.9649855,3.235935175
HCM-CSHL-0584-C19-06A,HCM-CSHL-0584-C19,tumor,COAD,0.777191333,2.41
HCM-CSHL-0088-C25-85A,HCM-CSHL-0088-C25,model,PAAD,0.987746333,1.878067346
HCM-STAN-0846-C20-85A,HCM-STAN-0846-C20,model,READ,0.9925,1.989396271
HCM-CSHL-0368-D37-85P,HCM-CSHL-0368-D37,model,GBAD,0.987507167,2.150043765
HCM-BROD-0596-C43-06A,HCM-BROD-0596-C43,tumor,SKCM,0.8870755,3.818945565
HCM-CSHL-0459-C17-01B,HCM-CSHL-0459-C17,tumor,SIAD,0.483333333,1.972368659
HCM-WCMC-0788-C34-01A,HCM-WCMC-0788-C34,tumor,LUAD,0.260276333,5.38
HCM-SANG-0537-C18-85A,HCM-SANG-0537-C18,model,COAD,0.982018126,1.83831041
HCM-WCMC-0949-C67-01A,HCM-WCMC-0949-C67,tumor,BLCA,0.696666667,2.112638868
HCM-CSHL-0080-C25-01A,HCM-CSHL-0080-C25,tumor,PAAD,0.2621422,2.668952239
HCM-CSHL-0366-C50-01A,HCM-CSHL-0366-C50,tumor,BRCA,0.226666667,2.886666667
HCM-BROD-0793-C15-85M,HCM-BROD-0793-C15,model,ESCA,0.976,1.62
HCM-BROD-0709-C64-01A,HCM-BROD-0709-C64,tumor,KIRC,0.8962545,1.964410528
HCM-SANG-0518-C18-01A,HCM-SANG-0518-C18,tumor,COAD,0.356483337,1.884313769
HCM-BROD-0055-C64-01A,HCM-BROD-0055-C64,tumor,WT,0.97,2.1125
HCM-SANG-1336-C15-85A,HCM-SANG-1336-C15,model,ESCA,0.992992289,2.71716031
HCM-CSHL-0142-C18-85A,HCM-CSHL-0142-C18,model,COAD,0.976,3.7170404
HCM-BROD-0694-C43-85N,HCM-BROD-0694-C43,model,SKCM,0.53,2.003095763
HCM-BROD-0103-C71-85B,HCM-BROD-0103-C71,model,GBM,0.996176667,1.967804898
HCM-CSHL-0727-C18-85M,HCM-CSHL-0727-C18,model,COAD,0.988655167,2.91
HCM-CSHL-0243-C18-01B,HCM-CSHL-0243-C18,tumor,COAD,0.526323667,2.173333333
HCM-WCMC-0945-C54-85A,HCM-WCMC-0945-C54,model,UCEC,0.94,1.996666667
HCM-BROD-0051-C64-86A,HCM-BROD-0051-C64,model_expanded,WT,0.9925,2.173333333
HCM-CSHL-0248-C19-85A,HCM-CSHL-0248-C19,model,COAD,0.99,2.858897462
HCM-SANG-0546-C15-08A,HCM-SANG-0546-C15,tumor,ESCA,0.145787676,3.170887029
HCM-CSHL-0078-C25-06A,HCM-CSHL-0078-C25,tumor,PAAD,0.680412667,3.0375
HCM-CSHL-0405-C25-85A,HCM-CSHL-0405-C25,model,PAAD,0.994435333,1.880489828
HCM-BROD-0118-C16-85A,HCM-BROD-0118-C16,model,STAD,0.995,2.043327709
HCM-BROD-0954-C34-85A,HCM-BROD-0954-C34,model,LUAD,0.997122091,2.902529133
HCM-WCMC-1074-C56-01A,HCM-WCMC-1074-C56,tumor,OV,0.2925,1.950666
HCM-CSHL-0247-C18-85M,HCM-CSHL-0247-C18,model,COAD,0.994,4.615362265
HCM-CSHL-0143-C20-01A,HCM-CSHL-0143-C20,tumor,READ,0.78,1.926434634
HCM-BROD-0235-C16-85B,HCM-BROD-0235-C16,model,STAD,0.989881167,3.285756826
HCM-CSHL-0322-C20-01B,HCM-CSHL-0322-C20,tumor,READ,0.582,3.8325
HCM-CSHL-0462-D05-31B,HCM-CSHL-0462-D05,tumor,DCIS,0.64,1.858325086
HCM-CSHL-0461-D12-85P,HCM-CSHL-0461-D12,model,SESP,1.0,1.991671072
HCM-CSHL-0243-C18-85A,HCM-CSHL-0243-C18,model,COAD,0.9930605,2.063323185
HCM-CSHL-0379-C18-85C,HCM-CSHL-0379-C18,model,COAD,1.0,3.9
HCM-CSHL-0403-C25-85D,HCM-CSHL-0403-C25,model,PAAD,0.985598167,1.95144809
HCM-BROD-0048-C71-01A,HCM-BROD-0048-C71,tumor,GBM,0.615,1.99
HCM-CSHL-0162-C19-01A,HCM-CSHL-0162-C19,tumor,READ,0.34,1.65
HCM-BROD-0955-C15-85B,HCM-BROD-0955-C15,model,ESCA,0.992282586,2.687756218
HCM-BROD-0051-C64-06B,HCM-BROD-0051-C64,tumor,WT,0.9,1.74
HCM-CSHL-0729-C18-85A,HCM-CSHL-0729-C18,model,COAD,1.0,1.996666667
HCM-BROD-1078-C49-85B,HCM-BROD-1078-C49,model,SARC,1.0,1.850649457
HCM-CSHL-0857-C19-06A,HCM-CSHL-0857-C19,tumor,READ,0.828458219,3.106164845
HCM-CSHL-0372-C25-01A,HCM-CSHL-0372-C25,tumor,PAAD,0.549207167,2.035807738
HCM-CSHL-0075-C25-85A,HCM-CSHL-0075-C25,model,PAAD,0.97,5.37
HCM-CSHL-0379-C18-85A,HCM-CSHL-0379-C18,model,COAD,0.978,2.093273359
HCM-BROD-0873-C43-85B,HCM-BROD-0873-C43,model,SKCM,0.533295229,3.256132795
HCM-BROD-0120-C15-06A,HCM-BROD-0120-C15,tumor,ESCA,0.239716,5.211314617
HCM-BROD-0577-C15-06A,HCM-BROD-0577-C15,tumor,ESCA,0.1618375,1.47
HCM-BROD-0098-C15-06A,HCM-BROD-0098-C15,tumor,ESCA,0.7929192,2.839343634
HCM-CSHL-0161-C18-01A,HCM-CSHL-0161-C18,tumor,COAD,0.5511315,2.024898817
HCM-CSHL-0180-C25-85B,HCM-CSHL-0180-C25,model,PAAD,0.9875615,1.768734921
HCM-BROD-0831-C71-85B,HCM-BROD-0831-C71,model,GBM,0.9975185,1.91537609
HCM-CSHL-0838-C18-85M,HCM-CSHL-0838-C18,model,COAD,0.992,2.909995898
HCM-CSHL-1268-C24-06A,HCM-CSHL-1268-C24,tumor,AMPV,0.368053788,2.137697375
HCM-CSHL-0247-C18-01A,HCM-CSHL-0247-C18,tumor,COAD,0.860435833,3.766106704
HCM-BROD-0444-C43-85O,HCM-BROD-0444-C43,model,SKCM,0.964,2.184876418
HCM-STAN-0840-C49-85A,HCM-STAN-0840-C49,model,SARC,0.993033968,2.18
HCM-WCMC-0673-C56-85A,HCM-WCMC-0673-C56,model,OV,0.992110667,1.904753514
HCM-CSHL-0091-C25-85A,HCM-CSHL-0091-C25,model,PAAD,0.993333333,2.830031246
HCM-BROD-0014-C71-01A,HCM-BROD-0014-C71,tumor,GBM,0.784243167,1.937458622
HCM-BROD-0198-C71-01A,HCM-BROD-0198-C71,tumor,GBM,0.7467494,2.106959743
HCM-STAN-1109-D13-01A,HCM-STAN-1109-D13,tumor,TVA,0.25,1.923938248
HCM-SANG-0523-C15-01A,HCM-SANG-0523-C15,tumor,ESCA,0.585148486,3.872212272
HCM-CSHL-0246-C19-01B,HCM-CSHL-0246-C19,tumor,READ,0.1,4.18
HCM-CSHL-0058-C34-86A,HCM-CSHL-0058-C34,model_expanded,LUAD,0.23,2.11
HCM-BROD-0210-C71-85R,HCM-BROD-0210-C71,model,GBM,0.9926455,1.593333333
HCM-WCMC-0504-C18-01A,HCM-WCMC-0504-C18,tumor,COAD,0.299464,2.043651631
HCM-BROD-0595-C43-85M,HCM-BROD-0595-C43,model,SKCM,0.992087667,3.179232715
HCM-BROD-0011-C71-01A,HCM-BROD-0011-C71,tumor,GBM,0.623553333,2.060509288
HCM-BROD-0417-C71-01A,HCM-BROD-0417-C71,tumor,GBM,0.832335333,1.86748665
HCM-BROD-0234-C49-85M,HCM-BROD-0234-C49,model,SARC,0.968,4.665
HCM-SANG-0548-C25-85A,HCM-SANG-0548-C25,model,PAAD,0.980249286,2.904821923
HCM-CSHL-0462-D05-85T,HCM-CSHL-0462-D05,model,DCIS,0.6774364,2.032432069
HCM-CSHL-0907-C50-06A,HCM-CSHL-0907-C50,tumor,BRCA,0.1,2.48
HCM-SANG-1299-C15-85A,HCM-SANG-1299-C15,model,ESCA,0.98777784,2.887954751
HCM-BROD-0234-C49-06A,HCM-BROD-0234-C49,tumor,SARC,0.76,4.8025
HCM-SANG-0536-C18-85A,HCM-SANG-0536-C18,model,COAD,0.994042076,2.903703484
HCM-CSHL-0509-C24-85A,HCM-CSHL-0509-C24,model,AMPV,0.9939145,2.130329326
HCM-CSHL-0184-C25-01A,HCM-CSHL-0184-C25,tumor,PAAD,0.5154974,2.156666667
HCM-CSHL-0246-C19-86A,HCM-CSHL-0246-C19,model_expanded,READ,0.9925,2.28
HCM-BROD-0793-C15-06A,HCM-BROD-0793-C15,tumor,ESCA,0.966657167,2.002174359
HCM-WCMC-0673-C56-85B,HCM-WCMC-0673-C56,model,OV,0.987364,1.938746263
HCM-BROD-0710-C43-85M,HCM-BROD-0710-C43,model,SKCM,0.985398383,2.102284259
HCM-SANG-0287-C20-85A,HCM-SANG-0287-C20,model,READ,0.996666667,2.585365747
HCM-BROD-1119-C43-06A,HCM-BROD-1119-C43,tumor,UVM,0.986073463,2.098809163
HCM-CSHL-0180-C25-01A,HCM-CSHL-0180-C25,tumor,PAAD,0.3249525,1.912614446
HCM-BROD-0220-C15-06A,HCM-BROD-0220-C15,tumor,ESCA,0.853132833,2.691003974
HCM-CSHL-0467-C56-06A,HCM-CSHL-0467-C56,tumor,OV,0.830635573,2.726128324
HCM-BROD-0485-C15-06A,HCM-BROD-0485-C15,tumor,ESCA,0.815870667,2.199307506
HCM-SANG-1316-C18-85A,HCM-SANG-1316-C18,model,COAD,0.980373013,3.133496618
HCM-SANG-1314-C18-01A,HCM-SANG-1314-C18,tumor,COAD,0.570008927,1.777492835
HCM-WCMC-0949-C67-85A,HCM-WCMC-0949-C67,model,BLCA,1.0,4.06
HCM-BROD-0483-C16-07A,HCM-BROD-0483-C16,tumor,STAD,0.440446667,2.863333333
HCM-BROD-0012-C71-85A,HCM-BROD-0012-C71,model,GBM,0.996,1.936666667
HCM-SANG-0542-C18-85A,HCM-SANG-0542-C18,model,COAD,0.989404377,3.645972355
HCM-SANG-1088-C18-01A,HCM-SANG-1088-C18,tumor,COAD,0.708459894,2.976978115
HCM-BROD-0045-C16-06A,HCM-BROD-0045-C16,tumor,STAD,0.240801225,1.956666667
HCM-CSHL-0160-C18-01B,HCM-CSHL-0160-C18,tumor,COAD,0.4525,2.073333333
HCM-BROD-0472-C34-85M,HCM-BROD-0472-C34,model,SCLC,0.989804167,2.97486933
HCM-BROD-0047-C71-85B,HCM-BROD-0047-C71,model,GBM,0.988718833,1.64
HCM-CSHL-0853-C56-06A,HCM-CSHL-0853-C56,tumor,OV,0.631384858,1.706619255
HCM-SANG-1332-C18-08A,HCM-SANG-1332-C18,tumor,COAD,0.351747936,1.933470491
HCM-CSHL-0664-C18-06A,HCM-CSHL-0664-C18,tumor,COAD,0.7933785,3.789238378
HCM-CSHL-0090-C25-01A,HCM-CSHL-0090-C25,tumor,PAAD,0.516,3.24818748
HCM-WCMC-0502-C15-85A,HCM-WCMC-0502-C15,model,ESCA,0.9719665,2.4225
HCM-CSHL-0092-C25-01A,HCM-CSHL-0092-C25,tumor,PAAD,0.34629,1.979254807
HCM-CSHL-0617-C22-01B,HCM-CSHL-0617-C22,tumor,LIHC,0.73,2.006666667
HCM-CSHL-0835-C20-06A,HCM-CSHL-0835-C20,tumor,READ,0.781839,2.110379311
HCM-SANG-0780-C25-01A,HCM-SANG-0780-C25,tumor,PAAD,0.210899511,3.307204825
HCM-SANG-1083-C16-08A,HCM-SANG-1083-C16,tumor,ESCA,0.1,1.38
HCM-CSHL-0382-C19-85A,HCM-CSHL-0382-C19,model,COAD,0.984013667,2.533333333
HCM-CSHL-0582-C18-85M,HCM-CSHL-0582-C18,model,COAD,0.998,2.85
HCM-WCMC-0673-C56-01A,HCM-WCMC-0673-C56,tumor,OV,0.426666667,2.145909293
HCM-CSHL-0586-C32-01A,HCM-CSHL-0586-C32,tumor,HNSC,0.552507774,2.176323319
HCM-BROD-0557-C43-85M,HCM-BROD-0557-C43,model,SKCM,0.981134833,3.532938258
HCM-BROD-0643-C43-85N,HCM-BROD-0643-C43,model,SKCM,0.991475667,3.761278745
HCM-CSHL-0369-D37-85P,HCM-CSHL-0369-D37,model,TVA,0.813333333,2.068921112
HCM-BROD-0106-C71-85A,HCM-BROD-0106-C71,model,GBM,0.991981833,1.89190287
HCM-BROD-0783-C71-02A,HCM-BROD-0783-C71,tumor,GBM,0.773675797,1.960139713
HCM-SANG-1315-C18-85A,HCM-SANG-1315-C18,model,COAD,0.994790726,2.51
HCM-SANG-1299-C15-08A,HCM-SANG-1299-C15,tumor,ESCA,0.175278318,3.23
HCM-CSHL-0839-C34-06A,HCM-CSHL-0839-C34,tumor,LUAD,0.2521256,2.176595561
HCM-BROD-0036-C41-85A,HCM-BROD-0036-C41,model,SARC,0.956798167,1.979599662
HCM-BROD-0694-C43-06A,HCM-BROD-0694-C43,tumor,SKCM,0.656441667,1.867025314
HCM-CSHL-0079-C25-01A,HCM-CSHL-0079-C25,tumor,PAAD,0.357049333,1.739455202
HCM-CSHL-0191-C25-85A,HCM-CSHL-0191-C25,model,PAAD,0.986564667,3.858773806
HCM-CSHL-0385-C18-01A,HCM-CSHL-0385-C18,tumor,COAD,0.4928964,4.23176432
HCM-CSHL-0666-C24-85P,HCM-CSHL-0666-C24,model,AMPV,0.999063833,2.094670862
HCM-BROD-0594-C43-85M,HCM-BROD-0594-C43,model,SKCM,0.979537333,2.846930583
HCM-BROD-0231-C25-85N,HCM-BROD-0231-C25,model,PAAD,1.0,1.7
HCM-BROD-0423-C71-85D,HCM-BROD-0423-C71,model,GBM,0.993665,1.915268641
HCM-CSHL-1265-C25-85A,HCM-CSHL-1265-C25,model,PAAD,0.993162613,3.963196829
HCM-CSHL-0238-C18-01B,HCM-CSHL-0238-C18,tumor,COAD,0.671779333,3.219520259
HCM-BROD-0613-C71-85A,HCM-BROD-0613-C71,model,GBM,0.990759,2.325179739
HCM-CSHL-0182-C25-85A,HCM-CSHL-0182-C25,model,PAAD,0.975337667,2.53
HCM-BROD-0643-C43-06A,HCM-BROD-0643-C43,tumor,SKCM,0.342712,2.096323239
HCM-SANG-0536-C18-08A,HCM-SANG-0536-C18,tumor,COAD,0.284464576,2.952379404
HCM-CSHL-0608-C17-85A,HCM-CSHL-0608-C17,model,SIAC,0.95,2.085933928
HCM-SANG-1085-C20-85A,HCM-SANG-1085-C20,model,READ,0.996259808,1.907124557
HCM-BROD-0097-C15-85B,HCM-BROD-0097-C15,model,ESCA,0.99,3.4025
HCM-SANG-1081-C20-85A,HCM-SANG-1081-C20,model,READ,0.957378819,5.616095584
HCM-BROD-0477-C16-06A,HCM-BROD-0477-C16,tumor,STAD,0.3841706,3.48
HCM-BROD-0012-C71-01A,HCM-BROD-0012-C71,tumor,GBM,0.796921167,2.031103756
HCM-CSHL-0158-C20-01A,HCM-CSHL-0158-C20,tumor,READ,0.41903425,3.48
HCM-CSHL-0153-C50-85E,HCM-CSHL-0153-C50,model,BRCA,0.992665167,2.156472653
HCM-BROD-0681-C71-02A,HCM-BROD-0681-C71,tumor,GBM,0.867536833,2.029241209
HCM-BROD-0870-C43-85N,HCM-BROD-0870-C43,model,SKCM,0.88,2.0
HCM-CSHL-0178-C25-01A,HCM-CSHL-0178-C25,tumor,PAAD,0.659725,1.942319252
HCM-SANG-1338-C20-85A,HCM-SANG-1338-C20,model,READ,0.998058974,2.00089349
HCM-CSHL-0179-C25-85A,HCM-CSHL-0179-C25,model,PAAD,0.984723,3.313132929
HCM-CSHL-0143-C20-85A,HCM-CSHL-0143-C20,model,READ,0.993744,1.934269081
HCM-SANG-1086-C18-85A,HCM-SANG-1086-C18,model,COAD,0.997670615,2.04888235
HCM-CSHL-0838-C18-06A,HCM-CSHL-0838-C18,tumor,COAD,0.3005625,3.42
HCM-WCMC-0951-C67-85A,HCM-WCMC-0951-C67,model,BLCA,0.9932705,1.892000884
HCM-BROD-0711-C64-01A,HCM-BROD-0711-C64,tumor,KICH,0.953351699,1.766468001
HCM-SANG-0541-C20-85A,HCM-SANG-0541-C20,model,READ,0.998699835,1.898768181
HCM-CSHL-0094-C25-85B,HCM-CSHL-0094-C25,model,PAAD,0.9885726,2.994516427
HCM-CSHL-0174-C22-01A,HCM-CSHL-0174-C22,tumor,CHOL,0.539992167,1.835
HCM-CSHL-0878-C18-06A,HCM-CSHL-0878-C18,tumor,COAD,0.727199112,1.752906897
HCM-CSHL-0322-C20-85A,HCM-CSHL-0322-C20,model,READ,0.998333333,3.337579099
