gene,count,cancer_type
TP53,11,ACC
CTNNB1,10,ACC
TERT,9,ACC
KMT2B,5,ACC
MDM2,5,ACC
APOB,4,ACC
CCNE1,4,ACC
CDK4,4,ACC
CDKN2A,4,ACC
EGFR,4,ACC
GNAS,4,ACC
KMT2D,4,ACC
MEN1,4,ACC
NF1,4,ACC
PRKAR1A,4,ACC
APC,3,ACC
ATM,3,ACC
BRD4,3,ACC
COL5A1,3,ACC
ERBB4,3,ACC
HUWE1,3,ACC
JAK3,3,ACC
MACF1,3,ACC
PDGFRA,3,ACC
PTPRD,3,ACC
RPL22,3,ACC
SMC3,3,ACC
SPTA1,3,ACC
TLR4,3,ACC
ALK,2,ACC
ARHGAP35,2,ACC
ATF7IP,2,ACC
ATRX,2,ACC
BRAF,2,ACC
CACNA1A,2,ACC
CARD11,2,ACC
CCND2,2,ACC
CDK6,2,ACC
CHEK2,2,ACC
EEF2,2,ACC
FAT1,2,ACC
FGF1,2,ACC
FGFR3,2,ACC
FLNA,2,ACC
KANSL1,2,ACC
KEL,2,ACC
MAP3K1,2,ACC
MCL1,2,ACC
MGMT,2,ACC
MLH1,2,ACC
MSH2,2,ACC
NSD1,2,ACC
PLCG1,2,ACC
PLXNB2,2,ACC
PTCH1,2,ACC
RB1,2,ACC
RET,2,ACC
SCAF4,2,ACC
SETBP1,2,ACC
SF3B1,2,ACC
STK11,2,ACC
TGFBR2,2,ACC
USP9X,2,ACC
XPO1,2,ACC
ACVR1,1,ACC
AJUBA,1,ACC
ARID2,1,ACC
ASXL2,1,ACC
ATR,1,ACC
BAP1,1,ACC
BCOR,1,ACC
BRCA2,1,ACC
BRD7,1,ACC
BTG2,1,ACC
CCND1,1,ACC
CD274,1,ACC
CDH1,1,ACC
CDK5,1,ACC
CHD3,1,ACC
CIC,1,ACC
CNBD1,1,ACC
CREB3L3,1,ACC
CUL3,1,ACC
DACH1,1,ACC
DIAPH2,1,ACC
DMD,1,ACC
EP300,1,ACC
EPHA2,1,ACC
ERBB3,1,ACC
FGFR2,1,ACC
GABRA6,1,ACC
GATA3,1,ACC
GATA6,1,ACC
GRIN2D,1,ACC
GTF2I,1,ACC
HGF,1,ACC
IGF1R,1,ACC
IL7R,1,ACC
IRF2,1,ACC
IRF6,1,ACC
JAK1,1,ACC
JAK2,1,ACC
KDM6A,1,ACC
KEAP1,1,ACC
KIF1A,1,ACC
KIT,1,ACC
KLF5,1,ACC
KMT2A,1,ACC
KMT2C,1,ACC
KRAS,1,ACC
MAPK1,1,ACC
MGA,1,ACC
MITF,1,ACC
MUC6,1,ACC
MYC,1,ACC
NIPBL,1,ACC
PDS5B,1,ACC
PIK3CA,1,ACC
PIK3R2,1,ACC
PLCB4,1,ACC
PMS1,1,ACC
PMS2,1,ACC
POLE,1,ACC
PTPDC1,1,ACC
PTPN11,1,ACC
RARA,1,ACC
RBM10,1,ACC
RFC1,1,ACC
RHOB,1,ACC
RIT1,1,ACC
RNF43,1,ACC
RUNX1,1,ACC
SMARCA1,1,ACC
SMARCA4,1,ACC
SMC1A,1,ACC
SPTAN1,1,ACC
STAG2,1,ACC
TAF1,1,ACC
TBX3,1,ACC
TCF7L2,1,ACC
TXNIP,1,ACC
WT1,1,ACC
ZFHX3,1,ACC
ZFP36L1,1,ACC
ZNF217,1,ACC
ZNF703,1,ACC
TP53,7,BLCA
ARID1A,6,BLCA
MACF1,5,BLCA
CCNE1,3,BLCA
CDKN2A,3,BLCA
KMT2D,3,BLCA
PTPRD,3,BLCA
APOB,2,BLCA
ARID2,2,BLCA
ASXL2,2,BLCA
BRCA2,2,BLCA
CDKN1A,2,BLCA
DACH1,2,BLCA
GATA3,2,BLCA
HRAS,2,BLCA
KMT2A,2,BLCA
KMT2C,2,BLCA
KRAS,2,BLCA
MGA,2,BLCA
MSH6,2,BLCA
RB1,2,BLCA
STAG2,2,BLCA
APC,1,BLCA
ARHGAP35,1,BLCA
ATRX,1,BLCA
CCND1,1,BLCA
CCND2,1,BLCA
CDK12,1,BLCA
CDK4,1,BLCA
CDK5,1,BLCA
CDKN1B,1,BLCA
CHD3,1,BLCA
CHD4,1,BLCA
COL5A1,1,BLCA
CREBBP,1,BLCA
CSDE1,1,BLCA
CTNNB1,1,BLCA
CUL3,1,BLCA
DICER1,1,BLCA
DMD,1,BLCA
EGFR,1,BLCA
ELF3,1,BLCA
EP300,1,BLCA
ERBB3,1,BLCA
ERCC2,1,BLCA
FGFR1,1,BLCA
FLT3,1,BLCA
FOXQ1,1,BLCA
GNA13,1,BLCA
HGF,1,BLCA
KAT6A,1,BLCA
KDM5C,1,BLCA
KDM6A,1,BLCA
KLF5,1,BLCA
LATS1,1,BLCA
MCL1,1,BLCA
MDM2,1,BLCA
MSH2,1,BLCA
NF1,1,BLCA
NIPBL,1,BLCA
NOTCH1,1,BLCA
NSD1,1,BLCA
NUP93,1,BLCA
PIK3CA,1,BLCA
PLXNB2,1,BLCA
PSIP1,1,BLCA
PTPRC,1,BLCA
RAD21,1,BLCA
RARA,1,BLCA
RBM10,1,BLCA
RHOB,1,BLCA
RIT1,1,BLCA
SCAF4,1,BLCA
SETD2,1,BLCA
SF3B1,1,BLCA
SOX2,1,BLCA
SPTAN1,1,BLCA
SRSF2,1,BLCA
TCF12,1,BLCA
TERC,1,BLCA
TERT,1,BLCA
TET2,1,BLCA
TSC1,1,BLCA
VGLL3,1,BLCA
ZFHX3,1,BLCA
ZMYM3,1,BLCA
ZNF703,1,BLCA
PIK3CA,33,BRCA
TP53,31,BRCA
MYC,26,BRCA
MCL1,24,BRCA
MDM4,24,BRCA
RIT1,24,BRCA
ERBB2,19,BRCA
CCND1,17,BRCA
GATA3,17,BRCA
CDH1,16,BRCA
ZNF703,14,BRCA
CREBBP,11,BRCA
FGFR1,11,BRCA
KAT6A,10,BRCA
NCOR1,10,BRCA
NF1,8,BRCA
ZNF217,7,BRCA
IGF1R,6,BRCA
KMT2C,6,BRCA
MAP3K1,6,BRCA
MDM2,6,BRCA
PTEN,6,BRCA
RUNX1,6,BRCA
TERC,6,BRCA
TERT,6,BRCA
XPO1,6,BRCA
ESR1,5,BRCA
PIK3R1,5,BRCA
SPTA1,5,BRCA
ARID1A,4,BRCA
ATM,4,BRCA
BRD4,4,BRCA
CCND2,4,BRCA
CDKN2A,4,BRCA
CUL3,4,BRCA
EGFR,4,BRCA
KRAS,4,BRCA
MGA,4,BRCA
ZFHX3,4,BRCA
APOB,3,BRCA
BRCA2,3,BRCA
CBFB,3,BRCA
CDK4,3,BRCA
CDK5,3,BRCA
HUWE1,3,BRCA
KDM5C,3,BRCA
KDM6A,3,BRCA
KMT2D,3,BRCA
MAP2K4,3,BRCA
MTOR,3,BRCA
PTPRD,3,BRCA
SOX2,3,BRCA
TAF1,3,BRCA
ABL1,2,BRCA
ARID2,2,BRCA
ASXL2,2,BRCA
ATRX,2,BRCA
BAP1,2,BRCA
BRAF,2,BRCA
CD274,2,BRCA
CHD3,2,BRCA
CHD4,2,BRCA
CTCF,2,BRCA
DMD,2,BRCA
ERBB3,2,BRCA
ERBB4,2,BRCA
FGFR2,2,BRCA
GATA4,2,BRCA
GNAS,2,BRCA
JUN,2,BRCA
KMT2A,2,BRCA
MACF1,2,BRCA
MED12,2,BRCA
MSH6,2,BRCA
NIPBL,2,BRCA
POLE,2,BRCA
PSIP1,2,BRCA
QKI,2,BRCA
RET,2,BRCA
SF3B1,2,BRCA
SIN3A,2,BRCA
SPTAN1,2,BRCA
TBX3,2,BRCA
TCF12,2,BRCA
TLR4,2,BRCA
ZFP36L1,2,BRCA
ZMYM2,2,BRCA
ACVR2A,1,BRCA
AKT1,1,BRCA
ALK,1,BRCA
APC,1,BRCA
ARHGAP35,1,BRCA
ATR,1,BRCA
BCL2L11,1,BRCA
BRCA1,1,BRCA
CACNA1A,1,BRCA
CARD11,1,BRCA
CASP8,1,BRCA
CCNE1,1,BRCA
CDK12,1,BRCA
CDK6,1,BRCA
CDK8,1,BRCA
CIC,1,BRCA
COL5A1,1,BRCA
CSDE1,1,BRCA
DDX3X,1,BRCA
DHX9,1,BRCA
DIAPH2,1,BRCA
DNMT3A,1,BRCA
EEF1A1,1,BRCA
EP300,1,BRCA
ERCC2,1,BRCA
FAT1,1,BRCA
FLNA,1,BRCA
FUBP1,1,BRCA
GABRA6,1,BRCA
GNAQ,1,BRCA
IDH1,1,BRCA
JAK1,1,BRCA
KRT222,1,BRCA
LATS1,1,BRCA
MAX,1,BRCA
MECOM,1,BRCA
MEN1,1,BRCA
MUC6,1,BRCA
MYH9,1,BRCA
NFE2L2,1,BRCA
NOTCH2,1,BRCA
PAX5,1,BRCA
PDGFRA,1,BRCA
PIK3CB,1,BRCA
PLCB4,1,BRCA
PLCG1,1,BRCA
RAD21,1,BRCA
RB1,1,BRCA
RHOA,1,BRCA
RPL5,1,BRCA
SAV1,1,BRCA
SMAD2,1,BRCA
SMAD3,1,BRCA
SMAD4,1,BRCA
SMARCA4,1,BRCA
SMC3,1,BRCA
SOS1,1,BRCA
SOX9,1,BRCA
SPOP,1,BRCA
STAG2,1,BRCA
TBL1XR1,1,BRCA
TNFAIP3,1,BRCA
TSC1,1,BRCA
USP9X,1,BRCA
VGLL3,1,BRCA
ZCCHC12,1,BRCA
ACVR2A,1,CESC
AMER1,1,CESC
ARAF,1,CESC
ATF7IP,1,CESC
CHD3,1,CESC
DMD,1,CESC
EEF2,1,CESC
EPHA2,1,CESC
FBXW7,1,CESC
FLNA,1,CESC
KMT2C,1,CESC
KMT2D,1,CESC
MAP2K1,1,CESC
MAPK1,1,CESC
MED12,1,CESC
MSH6,1,CESC
NIPBL,1,CESC
PIK3CA,1,CESC
SMAD4,1,CESC
SOX2,1,CESC
TERC,1,CESC
TSC1,1,CESC
ZBTB20,1,CESC
ZMYM3,1,CESC
CDKN2A,10,CHOL
PBRM1,10,CHOL
MCL1,8,CHOL
ARID1A,7,CHOL
RIT1,7,CHOL
BAP1,6,CHOL
EPHA2,6,CHOL
IDH1,6,CHOL
CCND1,5,CHOL
FGFR2,5,CHOL
MDM4,5,CHOL
TP53,4,CHOL
ELF3,3,CHOL
IDH2,3,CHOL
KMT2C,3,CHOL
PIK3CA,3,CHOL
PTCH1,3,CHOL
TERT,3,CHOL
APOB,2,CHOL
ARAF,2,CHOL
ATR,2,CHOL
BRCA2,2,CHOL
COL5A1,2,CHOL
DHX9,2,CHOL
EGFR,2,CHOL
KMT2D,2,CHOL
KRAS,2,CHOL
MACF1,2,CHOL
MAP2K1,2,CHOL
MUC6,2,CHOL
MYC,2,CHOL
NF1,2,CHOL
PLXNB2,2,CHOL
SAV1,2,CHOL
SPTAN1,2,CHOL
USP9X,2,CHOL
ZNF217,2,CHOL
ALB,1,CHOL
APC,1,CHOL
AR,1,CHOL
ARID2,1,CHOL
ATM,1,CHOL
AXIN1,1,CHOL
B2M,1,CHOL
BCOR,1,CHOL
BRAF,1,CHOL
BRD7,1,CHOL
CCNE1,1,CHOL
CDH1,1,CHOL
CDK4,1,CHOL
CHD8,1,CHOL
CTCF,1,CHOL
DMD,1,CHOL
EEF2,1,CHOL
ERBB2,1,CHOL
EZH2,1,CHOL
FAT1,1,CHOL
FGF1,1,CHOL
FLNA,1,CHOL
FLT3,1,CHOL
GNAQ,1,CHOL
HLA-A,1,CHOL
KANSL1,1,CHOL
KEAP1,1,CHOL
KMT2B,1,CHOL
MAP2K4,1,CHOL
MAP3K4,1,CHOL
MDM2,1,CHOL
MED12,1,CHOL
MGA,1,CHOL
NCOR1,1,CHOL
NF2,1,CHOL
NFE2L2,1,CHOL
NOTCH1,1,CHOL
NRAS,1,CHOL
PDS5B,1,CHOL
PIK3R1,1,CHOL
PIK3R2,1,CHOL
PMS1,1,CHOL
POLRMT,1,CHOL
PPP6C,1,CHOL
PTPRC,1,CHOL
PTPRD,1,CHOL
RASA1,1,CHOL
RNF43,1,CHOL
RPL22,1,CHOL
SCAF4,1,CHOL
SETD2,1,CHOL
SF1,1,CHOL
SF3B1,1,CHOL
SMC3,1,CHOL
SPTA1,1,CHOL
STK11,1,CHOL
TERC,1,CHOL
TGFBR2,1,CHOL
ZFHX3,1,CHOL
APC,18,COAD
TP53,13,COAD
KRAS,11,COAD
ZNF217,6,COAD
COL5A1,5,COAD
NIPBL,5,COAD
PIK3CA,5,COAD
RB1,5,COAD
ACVR2A,4,COAD
DMD,4,COAD
KMT2B,4,COAD
SCAF4,4,COAD
ALK,3,COAD
AMER1,3,COAD
ARHGAP35,3,COAD
ATRX,3,COAD
CDK8,3,COAD
CHD4,3,COAD
EP300,3,COAD
ERBB3,3,COAD
ERBB4,3,COAD
FBXW7,3,COAD
GNAS,3,COAD
GRIN2D,3,COAD
KIF1A,3,COAD
KMT2D,3,COAD
MECOM,3,COAD
MSH3,3,COAD
MUC6,3,COAD
PLCB4,3,COAD
POLE,3,COAD
PTCH1,3,COAD
PTPRC,3,COAD
RNF43,3,COAD
SMAD2,3,COAD
SOX9,3,COAD
TCF7L2,3,COAD
TGFBR2,3,COAD
AKT1,2,COAD
APOB,2,COAD
ARID1A,2,COAD
ARID2,2,COAD
ASXL1,2,COAD
ATM,2,COAD
AXIN1,2,COAD
AXIN2,2,COAD
B2M,2,COAD
BCOR,2,COAD
BRAF,2,COAD
BRCA1,2,COAD
BRCA2,2,COAD
CACNA1A,2,COAD
CARD11,2,COAD
CHD8,2,COAD
CNBD1,2,COAD
CREBBP,2,COAD
CTNNB1,2,COAD
CTNND1,2,COAD
CYLD,2,COAD
DHX9,2,COAD
EGR3,2,COAD
EPHA3,2,COAD
FGFR1,2,COAD
FGFR3,2,COAD
FLNA,2,COAD
INPPL1,2,COAD
IRF2,2,COAD
KANSL1,2,COAD
KDM5C,2,COAD
KIT,2,COAD
KMT2A,2,COAD
KMT2C,2,COAD
LATS1,2,COAD
MACF1,2,COAD
MAP3K1,2,COAD
MAP3K4,2,COAD
MED12,2,COAD
MET,2,COAD
MGA,2,COAD
MSH2,2,COAD
MSH6,2,COAD
MTOR,2,COAD
NF1,2,COAD
NRAS,2,COAD
NSD1,2,COAD
NUP133,2,COAD
PDGFRA,2,COAD
PGR,2,COAD
PIK3CB,2,COAD
PIK3R1,2,COAD
POLQ,2,COAD
POLRMT,2,COAD
PPP6C,2,COAD
PTPRD,2,COAD
RASA1,2,COAD
RET,2,COAD
SF1,2,COAD
SF3B1,2,COAD
SMARCA4,2,COAD
SPTA1,2,COAD
TBX3,2,COAD
TSC2,2,COAD
ZFHX3,2,COAD
ZFP36L2,2,COAD
ABL1,1,COAD
ACVR1B,1,COAD
AR,1,COAD
ARAF,1,COAD
ARID5B,1,COAD
ASXL2,1,COAD
ATF7IP,1,COAD
ATR,1,COAD
ATXN3,1,COAD
BAP1,1,COAD
CBWD3,1,COAD
CD44,1,COAD
CDK12,1,COAD
CHD3,1,COAD
CIC,1,COAD
CSDE1,1,COAD
CTCF,1,COAD
CUL1,1,COAD
DDX3X,1,COAD
DICER1,1,COAD
EEF2,1,COAD
EGFR,1,COAD
ELF3,1,COAD
EPAS1,1,COAD
EPHA2,1,COAD
ESR1,1,COAD
EZH2,1,COAD
FAT1,1,COAD
FLT3,1,COAD
GABRA6,1,COAD
GATA3,1,COAD
GNA11,1,COAD
GNAQ,1,COAD
GPS2,1,COAD
HGF,1,COAD
HLA-A,1,COAD
HLA-B,1,COAD
HUWE1,1,COAD
IDH2,1,COAD
IRF6,1,COAD
JAK1,1,COAD
JAK2,1,COAD
JAK3,1,COAD
KDM6A,1,COAD
KRT222,1,COAD
LATS2,1,COAD
LZTR1,1,COAD
MAP2K1,1,COAD
MAP2K4,1,COAD
MAPK1,1,COAD
MEN1,1,COAD
MLH1,1,COAD
MYC,1,COAD
MYH9,1,COAD
NOTCH1,1,COAD
NOTCH2,1,COAD
NPM1,1,COAD
NUP93,1,COAD
PAX5,1,COAD
PCBP1,1,COAD
PDS5B,1,COAD
PIK3CG,1,COAD
PIK3R2,1,COAD
PIM1,1,COAD
PLCG1,1,COAD
PLXNB2,1,COAD
PMS1,1,COAD
PMS2,1,COAD
PPP2R1A,1,COAD
PSIP1,1,COAD
PTEN,1,COAD
PTPN11,1,COAD
RBM10,1,COAD
RFC1,1,COAD
RPL22,1,COAD
RPS6KA3,1,COAD
RUNX1,1,COAD
SETBP1,1,COAD
SETD2,1,COAD
SIN3A,1,COAD
SMAD4,1,COAD
SMARCB1,1,COAD
SMC3,1,COAD
SOS1,1,COAD
SOX17,1,COAD
SPTAN1,1,COAD
STAG2,1,COAD
TAF1,1,COAD
TBL1XR1,1,COAD
TCF12,1,COAD
TGIF1,1,COAD
TLR4,1,COAD
TSC1,1,COAD
TXNIP,1,COAD
XPO1,1,COAD
ZBTB20,1,COAD
ZBTB7B,1,COAD
ZC3H12A,1,COAD
ZCCHC12,1,COAD
ZMYM2,1,COAD
ZMYM3,1,COAD
KMT2D,9,DLBC
CDKN2A,8,DLBC
CARD11,7,DLBC
B2M,5,DLBC
BTG2,5,DLBC
PIM1,5,DLBC
FAT1,4,DLBC
ARID1A,3,DLBC
CD70,3,DLBC
HLA-B,3,DLBC
MYC,3,DLBC
PTPRD,3,DLBC
TMSB4X,3,DLBC
TNFAIP3,3,DLBC
TP53,3,DLBC
XPO1,3,DLBC
ARID5B,2,DLBC
ATR,2,DLBC
CD274,2,DLBC
CHD4,2,DLBC
CREBBP,2,DLBC
ERBB4,2,DLBC
GATA6,2,DLBC
KMT2A,2,DLBC
NF1,2,DLBC
NOTCH2,2,DLBC
PAX5,2,DLBC
PGR,2,DLBC
RAF1,2,DLBC
SIN3A,2,DLBC
SMAD4,2,DLBC
TBL1XR1,2,DLBC
TLR4,2,DLBC
ZBTB20,2,DLBC
APC,1,DLBC
APOB,1,DLBC
AR,1,DLBC
ARID2,1,DLBC
ASXL1,1,DLBC
ATF7IP,1,DLBC
ATM,1,DLBC
BCL2,1,DLBC
BCOR,1,DLBC
BRAF,1,DLBC
BRCA1,1,DLBC
CBFB,1,DLBC
CCNE1,1,DLBC
CDK12,1,DLBC
CDK6,1,DLBC
CHD3,1,DLBC
CHD8,1,DLBC
CHEK2,1,DLBC
CSDE1,1,DLBC
CUL1,1,DLBC
DACH1,1,DLBC
DDX3X,1,DLBC
DMD,1,DLBC
EEF2,1,DLBC
EP300,1,DLBC
EPHA2,1,DLBC
EPHA3,1,DLBC
FGFR2,1,DLBC
FOXA1,1,DLBC
GATA3,1,DLBC
GATA4,1,DLBC
GNA13,1,DLBC
HLA-A,1,DLBC
IL6ST,1,DLBC
IRF2,1,DLBC
JAK3,1,DLBC
KAT6A,1,DLBC
KDM6A,1,DLBC
KMT2C,1,DLBC
KRAS,1,DLBC
LATS2,1,DLBC
MACF1,1,DLBC
MET,1,DLBC
MGA,1,DLBC
MYD88,1,DLBC
PDS5B,1,DLBC
PLCB4,1,DLBC
PLCG1,1,DLBC
POLQ,1,DLBC
PTCH1,1,DLBC
PTEN,1,DLBC
PTPRC,1,DLBC
RHOA,1,DLBC
SMARCA4,1,DLBC
SMARCB1,1,DLBC
SOX17,1,DLBC
SPOP,1,DLBC
SPTA1,1,DLBC
STAG2,1,DLBC
TBX3,1,DLBC
TET2,1,DLBC
USP9X,1,DLBC
ZC3H12A,1,DLBC
ZFHX3,1,DLBC
ZFP36L1,1,DLBC
ZMYM2,1,DLBC
ZMYM3,1,DLBC
TP53,14,ESCA
CDKN2A,11,ESCA
CCND1,8,ESCA
KAT6A,5,ESCA
NFE2L2,5,ESCA
SOX2,5,ESCA
TERC,5,ESCA
EGFR,4,ESCA
FGFR1,4,ESCA
MYC,4,ESCA
TERT,4,ESCA
ZNF703,4,ESCA
MDM4,3,ESCA
EP300,2,ESCA
KDM6A,2,ESCA
MCL1,2,ESCA
PIK3CA,2,ESCA
ARAF,1,ESCA
ATF7IP,1,ESCA
ATR,1,ESCA
BRCA1,1,ESCA
BRCA2,1,ESCA
CASP8,1,ESCA
CCND2,1,ESCA
CCNE1,1,ESCA
CDK6,1,ESCA
CHD8,1,ESCA
DICER1,1,ESCA
DMD,1,ESCA
EPAS1,1,ESCA
ERBB2,1,ESCA
GABRA6,1,ESCA
GATA4,1,ESCA
HUWE1,1,ESCA
IL6ST,1,ESCA
KEAP1,1,ESCA
KMT2D,1,ESCA
KRAS,1,ESCA
MAP3K1,1,ESCA
MTOR,1,ESCA
MYCN,1,ESCA
NCOR1,1,ESCA
NF1,1,ESCA
NOTCH2,1,ESCA
NSD1,1,ESCA
PLCG1,1,ESCA
PLXNB2,1,ESCA
PMS1,1,ESCA
PMS2,1,ESCA
POLE,1,ESCA
POLQ,1,ESCA
PTEN,1,ESCA
PTPRD,1,ESCA
RFC1,1,ESCA
RIT1,1,ESCA
SETBP1,1,ESCA
SIN3A,1,ESCA
SMAD4,1,ESCA
TRAF3,1,ESCA
TSC1,1,ESCA
USP9X,1,ESCA
XPO1,1,ESCA
ZFHX3,1,ESCA
ZNF750,1,ESCA
EGFR,11,GBM
CDKN2A,6,GBM
PTEN,4,GBM
ATRX,3,GBM
CCND2,2,GBM
MDM4,2,GBM
NF1,2,GBM
STAG2,2,GBM
TP53,2,GBM
CDK4,1,GBM
CHD8,1,GBM
CIC,1,GBM
FBXW7,1,GBM
IDH1,1,GBM
KDM6A,1,GBM
KRAS,1,GBM
MDM2,1,GBM
MED12,1,GBM
MYH9,1,GBM
NRAS,1,GBM
PIK3CA,1,GBM
PIK3CG,1,GBM
PIK3R1,1,GBM
PIK3R2,1,GBM
SOX9,1,GBM
TCF12,1,GBM
USP9X,1,GBM
TP53,13,HNSC
CDKN2A,9,HNSC
CCND1,6,HNSC
PIK3CA,5,HNSC
SOX2,5,HNSC
CASP8,4,HNSC
EGFR,4,HNSC
FAT1,4,HNSC
MYC,4,HNSC
NOTCH1,4,HNSC
TERC,4,HNSC
CARD11,3,HNSC
CCND2,3,HNSC
HRAS,3,HNSC
KMT2A,3,HNSC
KMT2B,3,HNSC
KMT2C,3,HNSC
KMT2D,3,HNSC
MDM2,3,HNSC
PTPRD,3,HNSC
TERT,3,HNSC
AJUBA,2,HNSC
APOB,2,HNSC
ASXL2,2,HNSC
ATR,2,HNSC
CD274,2,HNSC
CD44,2,HNSC
CDK4,2,HNSC
CDK6,2,HNSC
CHD8,2,HNSC
CIC,2,HNSC
COL5A1,2,HNSC
CREB3L3,2,HNSC
CREBBP,2,HNSC
CTCF,2,HNSC
CTNNB1,2,HNSC
DACH1,2,HNSC
DMD,2,HNSC
EPAS1,2,HNSC
HLA-B,2,HNSC
KEAP1,2,HNSC
KRAS,2,HNSC
MTOR,2,HNSC
NCOR1,2,HNSC
NF1,2,HNSC
NIPBL,2,HNSC
NSD1,2,HNSC
PLXNB2,2,HNSC
RET,2,HNSC
RHOA,2,HNSC
SF1,2,HNSC
SMARCA4,2,HNSC
ZNF750,2,HNSC
ABL1,1,HNSC
ALB,1,HNSC
ALK,1,HNSC
APC,1,HNSC
ARID1A,1,HNSC
ATM,1,HNSC
ATXN3,1,HNSC
AXIN1,1,HNSC
B2M,1,HNSC
BRAF,1,HNSC
BRCA1,1,HNSC
BRCA2,1,HNSC
CACNA1A,1,HNSC
CCNE1,1,HNSC
CDK12,1,HNSC
CHD4,1,HNSC
CUL3,1,HNSC
CYLD,1,HNSC
DIAPH2,1,HNSC
DICER1,1,HNSC
EEF2,1,HNSC
EP300,1,HNSC
EPHA2,1,HNSC
ERBB2,1,HNSC
ERBB4,1,HNSC
ERCC2,1,HNSC
ESR1,1,HNSC
EZH2,1,HNSC
FGFR1,1,HNSC
FLNA,1,HNSC
FLT3,1,HNSC
GATA6,1,HNSC
GNA11,1,HNSC
GNA13,1,HNSC
GNAS,1,HNSC
GPS2,1,HNSC
GTF2I,1,HNSC
HLA-A,1,HNSC
IL6ST,1,HNSC
IRF6,1,HNSC
KANSL1,1,HNSC
KDM6A,1,HNSC
KEL,1,HNSC
KIF1A,1,HNSC
KIT,1,HNSC
LATS1,1,HNSC
LATS2,1,HNSC
MAP3K4,1,HNSC
MCL1,1,HNSC
MED12,1,HNSC
MET,1,HNSC
MLH1,1,HNSC
MSH2,1,HNSC
MSH3,1,HNSC
MSH6,1,HNSC
MYH9,1,HNSC
PAX5,1,HNSC
PBRM1,1,HNSC
PDGFRA,1,HNSC
PIK3CG,1,HNSC
PIK3R2,1,HNSC
PMS1,1,HNSC
POLRMT,1,HNSC
PPM1D,1,HNSC
PTEN,1,HNSC
RAC1,1,HNSC
RARA,1,HNSC
RB1,1,HNSC
RIT1,1,HNSC
RNF111,1,HNSC
RPL22,1,HNSC
RXRA,1,HNSC
SAV1,1,HNSC
SETD2,1,HNSC
SPOP,1,HNSC
SPTA1,1,HNSC
SPTAN1,1,HNSC
TBL1XR1,1,HNSC
TLR4,1,HNSC
TNFAIP3,1,HNSC
TSC1,1,HNSC
YAP1,1,HNSC
ZBTB20,1,HNSC
ZCCHC12,1,HNSC
ZFHX3,1,HNSC
ZFP36L1,1,HNSC
ZMYM2,1,HNSC
ZNF133,1,HNSC
TP53,19,KICH
PTEN,5,KICH
CDK5,3,KICH
CDK6,3,KICH
ATM,2,KICH
BRAF,2,KICH
BRD4,2,KICH
CCNE1,2,KICH
CDKN1A,2,KICH
CDKN2A,2,KICH
CTNNB1,2,KICH
EGFR,2,KICH
GATA3,2,KICH
HUWE1,2,KICH
KIT,2,KICH
KMT2D,2,KICH
MGA,2,KICH
MTOR,2,KICH
MYC,2,KICH
NF1,2,KICH
NRAS,2,KICH
PDGFRA,2,KICH
RB1,2,KICH
SPTA1,2,KICH
TERT,2,KICH
ZNF217,2,KICH
ABL1,1,KICH
ARID1A,1,KICH
ATF7IP,1,KICH
ATRX,1,KICH
BAP1,1,KICH
BRCA1,1,KICH
CACNA1A,1,KICH
CCND1,1,KICH
CD274,1,KICH
CD44,1,KICH
CDKN1B,1,KICH
CHD3,1,KICH
CHD4,1,KICH
COL5A1,1,KICH
CREBBP,1,KICH
DMD,1,KICH
ERBB2,1,KICH
ERBB3,1,KICH
ERBB4,1,KICH
ESR1,1,KICH
FAT1,1,KICH
FGF1,1,KICH
FGFR2,1,KICH
FGFR3,1,KICH
FLNA,1,KICH
FUBP1,1,KICH
GRIN2D,1,KICH
IDH1,1,KICH
IGF1R,1,KICH
IGF2,1,KICH
JUN,1,KICH
KAT6B,1,KICH
KDM6A,1,KICH
KMT2B,1,KICH
LATS2,1,KICH
MACF1,1,KICH
MAP2K4,1,KICH
MCL1,1,KICH
MDM4,1,KICH
MECOM,1,KICH
MITF,1,KICH
MSH6,1,KICH
MUC6,1,KICH
MYH9,1,KICH
NIPBL,1,KICH
NOTCH1,1,KICH
PBRM1,1,KICH
PLCG1,1,KICH
POLE,1,KICH
PTPRD,1,KICH
QKI,1,KICH
RASA1,1,KICH
RBM10,1,KICH
RIT1,1,KICH
RNF111,1,KICH
SAV1,1,KICH
SETD2,1,KICH
SMAD3,1,KICH
SMARCB1,1,KICH
SOX2,1,KICH
TERC,1,KICH
TSC2,1,KICH
USP9X,1,KICH
VGLL3,1,KICH
XPO1,1,KICH
YAP1,1,KICH
ZNF133,1,KICH
VHL,3,KIRC
ALB,2,KIRC
ARID1A,2,KIRC
CACNA1A,2,KIRC
KDM5C,2,KIRC
PBRM1,2,KIRC
SETD2,2,KIRC
BAP1,1,KIRC
COL5A1,1,KIRC
DHX9,1,KIRC
FAT1,1,KIRC
INPPL1,1,KIRC
KMT2D,1,KIRC
MACF1,1,KIRC
MECOM,1,KIRC
MTOR,1,KIRC
NOTCH1,1,KIRC
NUP133,1,KIRC
POLE,1,KIRC
SOS1,1,KIRC
STAG2,1,KIRC
XPO1,1,KIRC
PBRM1,3,KIRP
DNMT3A,2,KIRP
KDM5C,2,KIRP
KMT2A,2,KIRP
KMT2C,2,KIRP
KMT2D,2,KIRP
KRAS,2,KIRP
MET,2,KIRP
SETD2,2,KIRP
SF3B1,2,KIRP
ACVR2A,1,KIRP
ALK,1,KIRP
ARID1A,1,KIRP
ARID2,1,KIRP
BAP1,1,KIRP
BCOR,1,KIRP
BRAF,1,KIRP
BRCA2,1,KIRP
CDH1,1,KIRP
CDK12,1,KIRP
CDKN2A,1,KIRP
CHEK2,1,KIRP
CREBBP,1,KIRP
CUL3,1,KIRP
DAZAP1,1,KIRP
DHX9,1,KIRP
ERBB4,1,KIRP
ERCC2,1,KIRP
FAT1,1,KIRP
FOXA2,1,KIRP
HUWE1,1,KIRP
INPPL1,1,KIRP
LATS1,1,KIRP
MAP3K4,1,KIRP
MSH3,1,KIRP
MUC6,1,KIRP
NCOR1,1,KIRP
NFE2L2,1,KIRP
NOTCH2,1,KIRP
PIK3CA,1,KIRP
PRKAR1A,1,KIRP
RHEB,1,KIRP
RXRA,1,KIRP
SETBP1,1,KIRP
SMARCA4,1,KIRP
SPTA1,1,KIRP
STAG2,1,KIRP
TGFBR2,1,KIRP
TSC1,1,KIRP
TSC2,1,KIRP
ZBTB7B,1,KIRP
ZFHX3,1,KIRP
IDH1,22,LGG
TP53,13,LGG
ATRX,12,LGG
CIC,4,LGG
FUBP1,3,LGG
MYC,3,LGG
BRAF,2,LGG
CDK5,2,LGG
EGFR,2,LGG
FAT1,2,LGG
FGFR1,2,LGG
NIPBL,2,LGG
PDGFRA,2,LGG
SMARCA4,2,LGG
ATM,1,LGG
CASP8,1,LGG
CCND2,1,LGG
CDK6,1,LGG
CDKN2A,1,LGG
CHD3,1,LGG
CHD8,1,LGG
COL5A1,1,LGG
DMD,1,LGG
EPHA3,1,LGG
GATA4,1,LGG
KAT6A,1,LGG
KIT,1,LGG
LATS1,1,LGG
MED12,1,LGG
NF1,1,LGG
NOTCH1,1,LGG
NUP133,1,LGG
PIK3R1,1,LGG
PLCB4,1,LGG
PPP2R2A,1,LGG
PTPN11,1,LGG
SOX17,1,LGG
SPTA1,1,LGG
TCF12,1,LGG
USP9X,1,LGG
ZNF703,1,LGG
CTNNB1,4,LIHC
MYC,4,LIHC
TP53,4,LIHC
ALB,3,LIHC
MCL1,3,LIHC
RIT1,3,LIHC
APOB,2,LIHC
DHX9,2,LIHC
KEAP1,2,LIHC
KMT2A,2,LIHC
MACF1,2,LIHC
MDM4,2,LIHC
MUC6,2,LIHC
RB1,2,LIHC
RFC1,2,LIHC
ARID1A,1,LIHC
ARID2,1,LIHC
ATR,1,LIHC
ATRX,1,LIHC
AXIN2,1,LIHC
CASP8,1,LIHC
CCND1,1,LIHC
CDKN2A,1,LIHC
CREB3L3,1,LIHC
CREBBP,1,LIHC
CSDE1,1,LIHC
DACH1,1,LIHC
EGFR,1,LIHC
ERBB3,1,LIHC
ERCC2,1,LIHC
ESR1,1,LIHC
GTF2I,1,LIHC
HGF,1,LIHC
HUWE1,1,LIHC
IL6ST,1,LIHC
JAK1,1,LIHC
KAT6A,1,LIHC
KDM6A,1,LIHC
KMT2D,1,LIHC
MECOM,1,LIHC
MYCN,1,LIHC
NFE2L2,1,LIHC
NUP133,1,LIHC
PBRM1,1,LIHC
PDS5B,1,LIHC
PIK3CA,1,LIHC
PIK3CB,1,LIHC
PLCB4,1,LIHC
POLE,1,LIHC
POLQ,1,LIHC
PTPRC,1,LIHC
PTPRD,1,LIHC
RBM10,1,LIHC
RHOB,1,LIHC
RNF111,1,LIHC
SPTA1,1,LIHC
TBL1XR1,1,LIHC
TERT,1,LIHC
TSC2,1,LIHC
XPO1,1,LIHC
ZFHX3,1,LIHC
APOB,1,LUAD
AXIN2,1,LUAD
BCL2,1,LUAD
CREBBP,1,LUAD
DDX3X,1,LUAD
NSD1,1,LUAD
PIK3CG,1,LUAD
PLCB4,1,LUAD
SETBP1,1,LUAD
SPTA1,1,LUAD
TP53,1,LUAD
TP53,57,LUSC
SOX2,42,LUSC
TERC,40,LUSC
CDKN2A,20,LUSC
KMT2D,17,LUSC
TERT,17,LUSC
CCND1,12,LUSC
FAT1,12,LUSC
FGFR1,12,LUSC
MYC,11,LUSC
NF1,11,LUSC
PTEN,11,LUSC
SPTA1,11,LUSC
ZNF703,11,LUSC
APOB,9,LUSC
CREBBP,9,LUSC
DMD,9,LUSC
KAT6A,9,LUSC
PIK3CA,9,LUSC
CCND2,8,LUSC
NFE2L2,8,LUSC
RB1,8,LUSC
CCNE1,7,LUSC
EGFR,7,LUSC
HUWE1,7,LUSC
KRAS,7,LUSC
MDM2,7,LUSC
PDGFRA,7,LUSC
TLR4,7,LUSC
XPO1,7,LUSC
BRCA2,6,LUSC
ERBB4,6,LUSC
MYH9,6,LUSC
PIK3CG,6,LUSC
POLE,6,LUSC
ARHGAP35,5,LUSC
FLNA,5,LUSC
KIT,5,LUSC
NCOR1,5,LUSC
PLXNB2,5,LUSC
PTPRC,5,LUSC
ZFHX3,5,LUSC
ZNF133,5,LUSC
ATM,4,LUSC
CACNA1A,4,LUSC
CDK12,4,LUSC
COL5A1,4,LUSC
EP300,4,LUSC
EPHA3,4,LUSC
ESR1,4,LUSC
HGF,4,LUSC
KEAP1,4,LUSC
KMT2A,4,LUSC
KMT2C,4,LUSC
MACF1,4,LUSC
MCL1,4,LUSC
PTPRD,4,LUSC
SETD2,4,LUSC
AMER1,3,LUSC
ASXL2,3,LUSC
BCOR,3,LUSC
BRAF,3,LUSC
CARD11,3,LUSC
CDK6,3,LUSC
CUL3,3,LUSC
CYSLTR2,3,LUSC
DDX3X,3,LUSC
DIAPH2,3,LUSC
ERCC2,3,LUSC
FBXW7,3,LUSC
IRF6,3,LUSC
KLF5,3,LUSC
LATS1,3,LUSC
MED12,3,LUSC
NOTCH1,3,LUSC
PIK3R2,3,LUSC
POLQ,3,LUSC
RASA1,3,LUSC
RET,3,LUSC
RIT1,3,LUSC
SF3B1,3,LUSC
SPTAN1,3,LUSC
VGLL3,3,LUSC
ABL1,2,LUSC
ARID1A,2,LUSC
ARID2,2,LUSC
ARID5B,2,LUSC
ASXL1,2,LUSC
ATR,2,LUSC
ATRX,2,LUSC
BRCA1,2,LUSC
CASP8,2,LUSC
CTNND1,2,LUSC
DHX9,2,LUSC
DNMT3A,2,LUSC
EPHA2,2,LUSC
FGFR3,2,LUSC
FLT3,2,LUSC
GABRA6,2,LUSC
HLA-B,2,LUSC
IL7R,2,LUSC
INPPL1,2,LUSC
KDM6A,2,LUSC
KEL,2,LUSC
KIF1A,2,LUSC
KMT2B,2,LUSC
MAP2K4,2,LUSC
MAP3K1,2,LUSC
MDM4,2,LUSC
MECOM,2,LUSC
MGA,2,LUSC
MTOR,2,LUSC
MUC6,2,LUSC
NIPBL,2,LUSC
NSD1,2,LUSC
PDS5B,2,LUSC
PIK3CB,2,LUSC
PIK3R1,2,LUSC
RAC1,2,LUSC
RAD21,2,LUSC
RNF111,2,LUSC
RPS6KA3,2,LUSC
STAG2,2,LUSC
TBL1XR1,2,LUSC
TBX3,2,LUSC
TET2,2,LUSC
YAP1,2,LUSC
ZBTB20,2,LUSC
ZBTB7B,2,LUSC
ZMYM3,2,LUSC
ACVR1,1,LUSC
ACVR1B,1,LUSC
ACVR2A,1,LUSC
AKT1,1,LUSC
ALB,1,LUSC
APC,1,LUSC
AXIN1,1,LUSC
AXIN2,1,LUSC
B2M,1,LUSC
BAP1,1,LUSC
BRD4,1,LUSC
BRD7,1,LUSC
CBFB,1,LUSC
CD274,1,LUSC
CD44,1,LUSC
CDK4,1,LUSC
CDK5,1,LUSC
CDKN1A,1,LUSC
CHD3,1,LUSC
CHD4,1,LUSC
CHD8,1,LUSC
CHEK2,1,LUSC
CIC,1,LUSC
CNBD1,1,LUSC
CREB3L3,1,LUSC
CSDE1,1,LUSC
CTCF,1,LUSC
DACH1,1,LUSC
DAZAP1,1,LUSC
DICER1,1,LUSC
EGR3,1,LUSC
ELF3,1,LUSC
EPAS1,1,LUSC
EZH2,1,LUSC
FOXA1,1,LUSC
FOXA2,1,LUSC
GATA4,1,LUSC
GATA6,1,LUSC
GNA13,1,LUSC
GRIN2D,1,LUSC
GTF2I,1,LUSC
IDH1,1,LUSC
IGF1R,1,LUSC
JAK2,1,LUSC
JAK3,1,LUSC
KANSL1,1,LUSC
LZTR1,1,LUSC
MAP3K4,1,LUSC
MAX,1,LUSC
MET,1,LUSC
MSH2,1,LUSC
MSH3,1,LUSC
MSH6,1,LUSC
NRAS,1,LUSC
NUP133,1,LUSC
NUP93,1,LUSC
PBRM1,1,LUSC
PCBP1,1,LUSC
PLCB4,1,LUSC
PMS1,1,LUSC
PMS2,1,LUSC
PPP2R2A,1,LUSC
PPP6C,1,LUSC
QKI,1,LUSC
RAF1,1,LUSC
RARA,1,LUSC
RHOA,1,LUSC
RXRA,1,LUSC
SETBP1,1,LUSC
SIN3A,1,LUSC
SMAD2,1,LUSC
SMARCA1,1,LUSC
SMARCA4,1,LUSC
SMARCB1,1,LUSC
SMC1A,1,LUSC
SMC3,1,LUSC
SOS1,1,LUSC
SOX9,1,LUSC
SRSF2,1,LUSC
TAF1,1,LUSC
TCF12,1,LUSC
TGFBR2,1,LUSC
TNFAIP3,1,LUSC
TSC2,1,LUSC
TXNIP,1,LUSC
USP9X,1,LUSC
ZC3H12A,1,LUSC
ZFP36L1,1,LUSC
ZFP36L2,1,LUSC
ZMYM2,1,LUSC
ZNF217,1,LUSC
CDKN2A,22,MESO
BAP1,16,MESO
NF2,15,MESO
TP53,9,MESO
SETD2,7,MESO
LATS2,5,MESO
TERT,4,MESO
MDM4,3,MESO
PTCH1,3,MESO
SMAD3,3,MESO
BRAF,2,MESO
CCNE1,2,MESO
CDK6,2,MESO
CREBBP,2,MESO
DACH1,2,MESO
EGFR,2,MESO
KRAS,2,MESO
MCL1,2,MESO
MGA,2,MESO
MYC,2,MESO
NCOR1,2,MESO
PAX5,2,MESO
PBRM1,2,MESO
RIT1,2,MESO
USP9X,2,MESO
ARAF,1,MESO
ARHGAP35,1,MESO
ARID2,1,MESO
ARID5B,1,MESO
ATM,1,MESO
BCOR,1,MESO
BRCA1,1,MESO
BRD4,1,MESO
CD44,1,MESO
CD79B,1,MESO
CHD8,1,MESO
CTCF,1,MESO
DDX3X,1,MESO
DNMT3A,1,MESO
EGR3,1,MESO
EP300,1,MESO
EZH2,1,MESO
FAT1,1,MESO
FGFR1,1,MESO
HLA-B,1,MESO
IGF1R,1,MESO
INPPL1,1,MESO
KMT2C,1,MESO
MACF1,1,MESO
MDM2,1,MESO
MYD88,1,MESO
MYH9,1,MESO
NRAS,1,MESO
NSD1,1,MESO
PIK3CA,1,MESO
PLXNB2,1,MESO
PMS2,1,MESO
POLE,1,MESO
PTEN,1,MESO
PTPRD,1,MESO
QKI,1,MESO
RAD21,1,MESO
RBM10,1,MESO
SF3B1,1,MESO
SOS1,1,MESO
SPTA1,1,MESO
SPTAN1,1,MESO
TBX3,1,MESO
TGFBR2,1,MESO
THRAP3,1,MESO
TSC1,1,MESO
TSC2,1,MESO
ZFHX3,1,MESO
ZNF217,1,MESO
TP53,64,OV
MYC,24,OV
TERC,20,OV
CCNE1,16,OV
SOX2,15,OV
BRD4,13,OV
KRAS,12,OV
MCL1,10,OV
TERT,10,OV
BRAF,8,OV
CCND2,8,OV
CDK5,7,OV
GATA3,7,OV
FGFR3,6,OV
MDM2,6,OV
NF1,6,OV
RIT1,6,OV
KAT6A,5,OV
MDM4,5,OV
ZNF217,5,OV
BRCA1,4,OV
CDK12,4,OV
FGFR1,4,OV
MACF1,4,OV
VGLL3,4,OV
APOB,3,OV
ATRX,3,OV
CD44,3,OV
CDK4,3,OV
CHD4,3,OV
CREBBP,3,OV
EGFR,3,OV
IDH1,3,OV
IGF1R,3,OV
JUN,3,OV
KIT,3,OV
KMT2A,3,OV
NRAS,3,OV
PLCB4,3,OV
PTPRD,3,OV
TNFAIP3,3,OV
YAP1,3,OV
ZNF133,3,OV
BAP1,2,OV
CDH1,2,OV
CDKN2A,2,OV
CHEK2,2,OV
DMD,2,OV
EPHA3,2,OV
FAT1,2,OV
KDM6A,2,OV
KMT2C,2,OV
KMT2D,2,OV
LATS1,2,OV
MITF,2,OV
MYCN,2,OV
MYH9,2,OV
NSD1,2,OV
PIK3CB,2,OV
PTCH1,2,OV
PTPRC,2,OV
RNF111,2,OV
SMAD4,2,OV
SMC1A,2,OV
SPTAN1,2,OV
ZFHX3,2,OV
ZMYM3,2,OV
ZNF703,2,OV
ACVR1B,1,OV
ALB,1,OV
ALK,1,OV
APC,1,OV
AR,1,OV
ARID1A,1,OV
ASXL1,1,OV
ATF7IP,1,OV
ATM,1,OV
ATXN3,1,OV
CCND1,1,OV
CD274,1,OV
CHD8,1,OV
CIC,1,OV
CNBD1,1,OV
CTNNB1,1,OV
CUL3,1,OV
DHX9,1,OV
DIAPH2,1,OV
EEF1A1,1,OV
ELF3,1,OV
EP300,1,OV
EPHA2,1,OV
FLT3,1,OV
FUBP1,1,OV
GPS2,1,OV
HGF,1,OV
HUWE1,1,OV
JAK3,1,OV
KANSL1,1,OV
KAT6B,1,OV
KDM5C,1,OV
KEL,1,OV
LZTR1,1,OV
MAP3K4,1,OV
MGA,1,OV
MSH2,1,OV
MSH6,1,OV
MYD88,1,OV
NCOR1,1,OV
PDGFRA,1,OV
PIK3CG,1,OV
POLRMT,1,OV
PPP2R1A,1,OV
PPP2R2A,1,OV
PSIP1,1,OV
PTEN,1,OV
RB1,1,OV
RXRA,1,OV
SMARCA1,1,OV
SMC3,1,OV
THRAP3,1,OV
USP9X,1,OV
XPO1,1,OV
ZBTB20,1,OV
ZMYM2,1,OV
KRAS,74,PAAD
TP53,68,PAAD
CDKN2A,46,PAAD
SMAD4,37,PAAD
MYC,15,PAAD
GATA6,14,PAAD
RNF43,9,PAAD
KDM6A,8,PAAD
ARID1A,7,PAAD
CCNE1,6,PAAD
ATM,5,PAAD
ERBB2,5,PAAD
FLNA,5,PAAD
GNAS,5,PAAD
KMT2D,5,PAAD
RIT1,5,PAAD
APC,4,PAAD
APOB,4,PAAD
COL5A1,4,PAAD
DNMT3A,4,PAAD
FBXW7,4,PAAD
KIF1A,4,PAAD
KMT2A,4,PAAD
KMT2C,4,PAAD
MAP2K4,4,PAAD
MDM4,4,PAAD
TERC,4,PAAD
TGFBR2,4,PAAD
ZNF217,4,PAAD
ATR,3,PAAD
ATRX,3,PAAD
BRAF,3,PAAD
CCND2,3,PAAD
CDK4,3,PAAD
CDK6,3,PAAD
CHD4,3,PAAD
CTNNB1,3,PAAD
DICER1,3,PAAD
DMD,3,PAAD
FGFR1,3,PAAD
GATA4,3,PAAD
IGF1R,3,PAAD
KMT2B,3,PAAD
MCL1,3,PAAD
MDM2,3,PAAD
MTOR,3,PAAD
MUC6,3,PAAD
NF1,3,PAAD
PIK3CA,3,PAAD
PIK3CG,3,PAAD
PLXNB2,3,PAAD
SPTA1,3,PAAD
STK11,3,PAAD
TERT,3,PAAD
ZFHX3,3,PAAD
ZMYM3,3,PAAD
AMER1,2,PAAD
ARAF,2,PAAD
ARID2,2,PAAD
BRCA1,2,PAAD
CACNA1A,2,PAAD
CARD11,2,PAAD
CASP8,2,PAAD
CHD3,2,PAAD
CREBBP,2,PAAD
DACH1,2,PAAD
EEF2,2,PAAD
ELF3,2,PAAD
EP300,2,PAAD
ERBB4,2,PAAD
FAT1,2,PAAD
FGFR2,2,PAAD
GRIN2D,2,PAAD
IDH1,2,PAAD
IL6ST,2,PAAD
KANSL1,2,PAAD
KAT6B,2,PAAD
KEAP1,2,PAAD
KIT,2,PAAD
KLF5,2,PAAD
LATS1,2,PAAD
MACF1,2,PAAD
MECOM,2,PAAD
MGA,2,PAAD
MYCN,2,PAAD
NIPBL,2,PAAD
NOTCH1,2,PAAD
PBRM1,2,PAAD
PDGFRA,2,PAAD
PDS5B,2,PAAD
PMS1,2,PAAD
POLE,2,PAAD
PPP2R1A,2,PAAD
PTEN,2,PAAD
PTPRD,2,PAAD
RAD21,2,PAAD
RNF111,2,PAAD
SETBP1,2,PAAD
SETD2,2,PAAD
SF1,2,PAAD
SIN3A,2,PAAD
SMARCA1,2,PAAD
SMARCA4,2,PAAD
SPTAN1,2,PAAD
THRAP3,2,PAAD
USP9X,2,PAAD
XPO1,2,PAAD
ZNF703,2,PAAD
ABL1,1,PAAD
ACVR1B,1,PAAD
ACVR2A,1,PAAD
ALK,1,PAAD
AR,1,PAAD
ARHGAP35,1,PAAD
ASXL1,1,PAAD
ASXL2,1,PAAD
ATF7IP,1,PAAD
AXIN1,1,PAAD
AXIN2,1,PAAD
BAP1,1,PAAD
BCOR,1,PAAD
BRCA2,1,PAAD
BTG2,1,PAAD
CCND1,1,PAAD
CD44,1,PAAD
CDH1,1,PAAD
CDK12,1,PAAD
CDK5,1,PAAD
CHD8,1,PAAD
CIC,1,PAAD
CNBD1,1,PAAD
CREB3L3,1,PAAD
CTCF,1,PAAD
CTNND1,1,PAAD
CUL1,1,PAAD
CUL3,1,PAAD
CYLD,1,PAAD
CYSLTR2,1,PAAD
DDX3X,1,PAAD
DHX9,1,PAAD
DIAPH2,1,PAAD
EGFR,1,PAAD
EGR3,1,PAAD
EPAS1,1,PAAD
EPHA2,1,PAAD
ERBB3,1,PAAD
ERCC2,1,PAAD
ESR1,1,PAAD
EZH2,1,PAAD
FGFR3,1,PAAD
FLT3,1,PAAD
FOXA1,1,PAAD
GABRA6,1,PAAD
GATA3,1,PAAD
GNA11,1,PAAD
GNAQ,1,PAAD
HLA-A,1,PAAD
HRAS,1,PAAD
HUWE1,1,PAAD
IDH2,1,PAAD
IL7R,1,PAAD
INPPL1,1,PAAD
IRF2,1,PAAD
IRF6,1,PAAD
JAK2,1,PAAD
JAK3,1,PAAD
KDM5C,1,PAAD
LATS2,1,PAAD
LEMD2,1,PAAD
MAP3K1,1,PAAD
MAP3K4,1,PAAD
MED12,1,PAAD
MEN1,1,PAAD
MET,1,PAAD
MITF,1,PAAD
MLH1,1,PAAD
MSH2,1,PAAD
MSH3,1,PAAD
MSH6,1,PAAD
MYH9,1,PAAD
NCOR1,1,PAAD
NFE2L2,1,PAAD
NOTCH2,1,PAAD
NSD1,1,PAAD
NUP93,1,PAAD
PAX5,1,PAAD
PCBP1,1,PAAD
PGR,1,PAAD
PIK3R1,1,PAAD
PIK3R2,1,PAAD
PLCB4,1,PAAD
PLCG1,1,PAAD
PMS2,1,PAAD
POLQ,1,PAAD
POLRMT,1,PAAD
PPP6C,1,PAAD
PRKAR1A,1,PAAD
PTCH1,1,PAAD
PTPDC1,1,PAAD
PTPRC,1,PAAD
RASA1,1,PAAD
RB1,1,PAAD
RBM10,1,PAAD
RET,1,PAAD
RFC1,1,PAAD
RHOA,1,PAAD
RXRA,1,PAAD
SCAF4,1,PAAD
SMAD2,1,PAAD
SMAD3,1,PAAD
SMARCB1,1,PAAD
SMC1A,1,PAAD
SMC3,1,PAAD
SOS1,1,PAAD
SOX17,1,PAAD
SOX2,1,PAAD
SPOP,1,PAAD
STAG2,1,PAAD
TAF1,1,PAAD
TBX3,1,PAAD
TCF7L2,1,PAAD
TET2,1,PAAD
TNFAIP3,1,PAAD
TSC1,1,PAAD
TSC2,1,PAAD
YAP1,1,PAAD
ZBTB20,1,PAAD
ZBTB7B,1,PAAD
ZC3H12A,1,PAAD
ZMYM2,1,PAAD
ZNF133,1,PAAD
ZNF750,1,PAAD
NF1,14,PCPG
HRAS,13,PCPG
EPAS1,8,PCPG
ATRX,4,PCPG
CSDE1,4,PCPG
RET,4,PCPG
HUWE1,3,PCPG
MCL1,3,PCPG
BRAF,2,PCPG
BRCA1,2,PCPG
FAT1,2,PCPG
MDM4,2,PCPG
RIT1,2,PCPG
SETBP1,2,PCPG
SETD2,2,PCPG
STAG2,2,PCPG
VHL,2,PCPG
ALK,1,PCPG
AMER1,1,PCPG
APC,1,PCPG
ARID2,1,PCPG
ATF7IP,1,PCPG
ATR,1,PCPG
BRCA2,1,PCPG
CCND2,1,PCPG
CDK4,1,PCPG
CDK5,1,PCPG
CDK6,1,PCPG
CDKN2C,1,PCPG
CHD3,1,PCPG
CTCF,1,PCPG
DNMT3A,1,PCPG
EGFR,1,PCPG
ELF3,1,PCPG
EPHA3,1,PCPG
FGFR1,1,PCPG
FGFR2,1,PCPG
FOXA2,1,PCPG
IDH1,1,PCPG
IGF2,1,PCPG
IL6ST,1,PCPG
KAT6A,1,PCPG
KDM5C,1,PCPG
KIT,1,PCPG
KMT2D,1,PCPG
KRAS,1,PCPG
MDM2,1,PCPG
MED12,1,PCPG
MGA,1,PCPG
MTOR,1,PCPG
MYC,1,PCPG
MYH9,1,PCPG
NFE2L2,1,PCPG
NRAS,1,PCPG
PDGFRA,1,PCPG
PGR,1,PCPG
PLCB4,1,PCPG
POLE,1,PCPG
PRKAR1A,1,PCPG
PTPRD,1,PCPG
SPTA1,1,PCPG
TAF1,1,PCPG
USP9X,1,PCPG
WT1,1,PCPG
ZFHX3,1,PCPG
PTEN,5,PRAD
TP53,4,PRAD
KMT2D,3,PRAD
MAP2K4,2,PRAD
MYC,2,PRAD
SMARCA1,2,PRAD
SPTA1,2,PRAD
AR,1,PRAD
ARID5B,1,PRAD
ATM,1,PRAD
CACNA1A,1,PRAD
CDK12,1,PRAD
CTCF,1,PRAD
DICER1,1,PRAD
EEF1A1,1,PRAD
EGFR,1,PRAD
EPHA2,1,PRAD
EPHA3,1,PRAD
FGFR1,1,PRAD
FOXA1,1,PRAD
KANSL1,1,PRAD
KAT6A,1,PRAD
KEAP1,1,PRAD
KMT2B,1,PRAD
MLH1,1,PRAD
MYH9,1,PRAD
PIK3CB,1,PRAD
PTPRC,1,PRAD
SMARCA4,1,PRAD
SPOP,1,PRAD
USP9X,1,PRAD
VHL,1,PRAD
ZMYM3,1,PRAD
BRAF,14,SKCM
SPTA1,7,SKCM
CDK6,6,SKCM
EGFR,6,SKCM
APOB,5,SKCM
CDK5,5,SKCM
NF1,5,SKCM
ARID2,4,SKCM
CDKN2A,4,SKCM
ERBB4,4,SKCM
FAT1,4,SKCM
NRAS,4,SKCM
ALK,3,SKCM
CREBBP,3,SKCM
CYLD,3,SKCM
FLT3,3,SKCM
KEL,3,SKCM
KMT2C,3,SKCM
KMT2D,3,SKCM
MACF1,3,SKCM
NCOR1,3,SKCM
PDGFRA,3,SKCM
PLCB4,3,SKCM
PTPRC,3,SKCM
PTPRD,3,SKCM
ZFHX3,3,SKCM
ABL1,2,SKCM
AR,2,SKCM
ARHGAP35,2,SKCM
ATF7IP,2,SKCM
ATRX,2,SKCM
CACNA1A,2,SKCM
CARD11,2,SKCM
CHD8,2,SKCM
DACH1,2,SKCM
DDX3X,2,SKCM
DICER1,2,SKCM
EP300,2,SKCM
FGFR2,2,SKCM
FLNA,2,SKCM
HUWE1,2,SKCM
IRF6,2,SKCM
KIF1A,2,SKCM
KIT,2,SKCM
KRT222,2,SKCM
MAP2K1,2,SKCM
MDM2,2,SKCM
MECOM,2,SKCM
MGA,2,SKCM
PIK3CG,2,SKCM
POLE,2,SKCM
POLQ,2,SKCM
PPP6C,2,SKCM
PTCH1,2,SKCM
PTEN,2,SKCM
RAC1,2,SKCM
RET,2,SKCM
RHOA,2,SKCM
RNF111,2,SKCM
SETBP1,2,SKCM
SF3B1,2,SKCM
TBL1XR1,2,SKCM
TERT,2,SKCM
TLR4,2,SKCM
ZBTB20,2,SKCM
ACVR1,1,SKCM
ACVR1B,1,SKCM
APC,1,SKCM
ARID1A,1,SKCM
ASXL2,1,SKCM
ATR,1,SKCM
BAP1,1,SKCM
BRCA1,1,SKCM
CD79B,1,SKCM
CDK4,1,SKCM
CHD3,1,SKCM
CHEK2,1,SKCM
CIC,1,SKCM
COL5A1,1,SKCM
CREB3L3,1,SKCM
CTNND1,1,SKCM
CUL1,1,SKCM
DAZAP1,1,SKCM
DMD,1,SKCM
DNMT3A,1,SKCM
EEF1A1,1,SKCM
EGR3,1,SKCM
EPHA2,1,SKCM
ERBB2,1,SKCM
FOXA2,1,SKCM
FOXQ1,1,SKCM
GNA11,1,SKCM
GRIN2D,1,SKCM
HGF,1,SKCM
HRAS,1,SKCM
IL7R,1,SKCM
JAK1,1,SKCM
JAK3,1,SKCM
KDM6A,1,SKCM
KEAP1,1,SKCM
KMT2A,1,SKCM
LATS2,1,SKCM
LZTR1,1,SKCM
MAP3K4,1,SKCM
MCL1,1,SKCM
MDM4,1,SKCM
MITF,1,SKCM
MYC,1,SKCM
MYH9,1,SKCM
NIPBL,1,SKCM
NOTCH2,1,SKCM
NSD1,1,SKCM
PCBP1,1,SKCM
PGR,1,SKCM
PIK3R1,1,SKCM
PIM1,1,SKCM
POLRMT,1,SKCM
PRKAR1A,1,SKCM
RFC1,1,SKCM
RIT1,1,SKCM
RNF43,1,SKCM
RPL22,1,SKCM
RPL5,1,SKCM
SCAF4,1,SKCM
SETD2,1,SKCM
SMARCA1,1,SKCM
SMARCA4,1,SKCM
SOX17,1,SKCM
SPTAN1,1,SKCM
SRSF2,1,SKCM
TCF7L2,1,SKCM
TET2,1,SKCM
TSC1,1,SKCM
VGLL3,1,SKCM
ZBTB7B,1,SKCM
ZNF750,1,SKCM
ARID1A,7,STAD
KRAS,6,STAD
CTNNB1,4,STAD
PIK3CA,4,STAD
ACVR2A,3,STAD
ATM,3,STAD
CHD4,3,STAD
EGFR,3,STAD
ERBB2,3,STAD
GATA4,3,STAD
KMT2D,3,STAD
MYC,3,STAD
NIPBL,3,STAD
RB1,3,STAD
RNF43,3,STAD
ZNF217,3,STAD
ASXL2,2,STAD
CARD11,2,STAD
CCND1,2,STAD
CDKN2A,2,STAD
CHD3,2,STAD
CNBD1,2,STAD
COL5A1,2,STAD
CREBBP,2,STAD
CTCF,2,STAD
FAT1,2,STAD
FBXW7,2,STAD
HUWE1,2,STAD
IL7R,2,STAD
KMT2A,2,STAD
MACF1,2,STAD
MSH3,2,STAD
NOTCH2,2,STAD
NUP133,2,STAD
PGR,2,STAD
POLQ,2,STAD
RPL22,2,STAD
SCAF4,2,STAD
SOX2,2,STAD
SPTAN1,2,STAD
TCF7L2,2,STAD
TERC,2,STAD
TP53,2,STAD
ZBTB20,2,STAD
ZMYM2,2,STAD
ACVR1B,1,STAD
ARID2,1,STAD
ARID5B,1,STAD
ATR,1,STAD
AXIN2,1,STAD
B2M,1,STAD
BCL2L11,1,STAD
BCOR,1,STAD
BRCA2,1,STAD
BRD4,1,STAD
CACNA1A,1,STAD
CCNE1,1,STAD
CD44,1,STAD
CDK4,1,STAD
CDK6,1,STAD
CDK8,1,STAD
CDKN1B,1,STAD
CHD8,1,STAD
CIC,1,STAD
CTNND1,1,STAD
CYLD,1,STAD
DDX3X,1,STAD
DHX9,1,STAD
DIAPH2,1,STAD
DICER1,1,STAD
DMD,1,STAD
EEF2,1,STAD
EP300,1,STAD
EPAS1,1,STAD
EPHA3,1,STAD
ERBB3,1,STAD
FGFR1,1,STAD
FGFR2,1,STAD
FLNA,1,STAD
GNAS,1,STAD
GPS2,1,STAD
GRIN2D,1,STAD
HLA-B,1,STAD
HRAS,1,STAD
IRF6,1,STAD
JAK3,1,STAD
KAT6A,1,STAD
KAT6B,1,STAD
KIF1A,1,STAD
KMT2B,1,STAD
KMT2C,1,STAD
LEMD2,1,STAD
MAP2K4,1,STAD
MAPK1,1,STAD
MCL1,1,STAD
MDM2,1,STAD
MDM4,1,STAD
MECOM,1,STAD
MEN1,1,STAD
MSH6,1,STAD
MTOR,1,STAD
MYCN,1,STAD
NCOR1,1,STAD
NF1,1,STAD
NFE2L2,1,STAD
NOTCH1,1,STAD
NRAS,1,STAD
PBRM1,1,STAD
PIK3CG,1,STAD
PLCG1,1,STAD
PLXNB2,1,STAD
POLE,1,STAD
PPP2R2A,1,STAD
PTCH1,1,STAD
PTPN11,1,STAD
RAC1,1,STAD
RET,1,STAD
RIT1,1,STAD
RXRA,1,STAD
SETD2,1,STAD
SIN3A,1,STAD
SMAD2,1,STAD
SMAD4,1,STAD
SPTA1,1,STAD
STAG2,1,STAD
STK11,1,STAD
TAF1,1,STAD
TERT,1,STAD
TLR4,1,STAD
TSC1,1,STAD
TSC2,1,STAD
UNCX,1,STAD
USP9X,1,STAD
VGLL3,1,STAD
YAP1,1,STAD
ZBTB7B,1,STAD
ZFHX3,1,STAD
ZNF703,1,STAD
KRAS,108,TGCT
CCND2,94,TGCT
KIT,26,TGCT
CDK6,11,TGCT
MDM2,10,TGCT
PDGFRA,10,TGCT
EGFR,7,TGCT
KAT6A,7,TGCT
MYC,6,TGCT
CDK4,5,TGCT
PPP2R2A,5,TGCT
FGFR1,4,TGCT
GATA4,4,TGCT
NRAS,4,TGCT
SOX2,4,TGCT
TERC,4,TGCT
ZNF703,4,TGCT
BAP1,3,TGCT
BRAF,3,TGCT
CDK5,3,TGCT
DMD,3,TGCT
MCL1,3,TGCT
PIK3CA,3,TGCT
RIT1,3,TGCT
APOB,2,TGCT
CREBBP,2,TGCT
CTNNB1,2,TGCT
DDX3X,2,TGCT
ERBB2,2,TGCT
FGFR2,2,TGCT
FOXA1,2,TGCT
GATA3,2,TGCT
HUWE1,2,TGCT
KAT6B,2,TGCT
KMT2C,2,TGCT
MACF1,2,TGCT
NF1,2,TGCT
NIPBL,2,TGCT
RAC1,2,TGCT
RPL5,2,TGCT
SMC3,2,TGCT
APC,1,TGCT
ARHGAP35,1,TGCT
ARID1A,1,TGCT
ARID5B,1,TGCT
ASXL1,1,TGCT
ATR,1,TGCT
ATRX,1,TGCT
BRCA1,1,TGCT
BRD4,1,TGCT
CIC,1,TGCT
CTNND1,1,TGCT
DICER1,1,TGCT
EP300,1,TGCT
EPAS1,1,TGCT
EPHA3,1,TGCT
FAT1,1,TGCT
FLNA,1,TGCT
FOXQ1,1,TGCT
GATA6,1,TGCT
GNAQ,1,TGCT
IDH1,1,TGCT
IRF6,1,TGCT
JAK2,1,TGCT
JUN,1,TGCT
KDM6A,1,TGCT
KMT2B,1,TGCT
KMT2D,1,TGCT
MDM4,1,TGCT
MGA,1,TGCT
MITF,1,TGCT
MSH6,1,TGCT
MUC6,1,TGCT
MYCN,1,TGCT
MYH9,1,TGCT
NCOR1,1,TGCT
NOTCH1,1,TGCT
NSD1,1,TGCT
PGR,1,TGCT
PIK3CB,1,TGCT
PLXNB2,1,TGCT
PPM1D,1,TGCT
PTEN,1,TGCT
RAD21,1,TGCT
SPTA1,1,TGCT
STAG2,1,TGCT
TP53,1,TGCT
TRAF3,1,TGCT
VGLL3,1,TGCT
XPO1,1,TGCT
ZFHX3,1,TGCT
ZMYM2,1,TGCT
ZMYM3,1,TGCT
BRAF,6,THCA
HRAS,2,THCA
ARID2,1,THCA
CDKN2A,1,THCA
CTNNB1,1,THCA
GRIN2D,1,THCA
IL7R,1,THCA
KEAP1,1,THCA
MAP3K1,1,THCA
MDM4,1,THCA
PTEN,1,THCA
SPTAN1,1,THCA
GTF2I,43,THYM
CDKN2A,4,THYM
HRAS,4,THYM
DMD,3,THYM
MCL1,3,THYM
NRAS,3,THYM
TP53,3,THYM
BCOR,2,THYM
EIF1AX,2,THYM
EP300,2,THYM
HUWE1,2,THYM
MDM4,2,THYM
MTOR,2,THYM
NF1,2,THYM
RIT1,2,THYM
AKT1,1,THYM
APOB,1,THYM
ARID2,1,THYM
ASXL1,1,THYM
BRCA2,1,THYM
BRD7,1,THYM
CCND2,1,THYM
CHD3,1,THYM
CHD8,1,THYM
CYLD,1,THYM
EEF1A1,1,THYM
EPAS1,1,THYM
ERBB2,1,THYM
KIT,1,THYM
KMT2C,1,THYM
KRAS,1,THYM
MAP2K1,1,THYM
MAP3K4,1,THYM
MECOM,1,THYM
MLH1,1,THYM
MSH2,1,THYM
MSH3,1,THYM
MYH9,1,THYM
NF2,1,THYM
NIPBL,1,THYM
PAX5,1,THYM
PBRM1,1,THYM
POLQ,1,THYM
PPP2R1A,1,THYM
PTCH1,1,THYM
PTPRD,1,THYM
RASA1,1,THYM
SAV1,1,THYM
SETD2,1,THYM
SIN3A,1,THYM
SMARCA4,1,THYM
SPTA1,1,THYM
STAG2,1,THYM
VHL,1,THYM
ZFHX3,1,THYM
PTEN,5,UCEC
PIK3CA,4,UCEC
ZFHX3,4,UCEC
ARHGAP35,3,UCEC
ARID1A,3,UCEC
CHD3,3,UCEC
CHD8,3,UCEC
CREBBP,3,UCEC
CTCF,3,UCEC
DICER1,3,UCEC
FAT1,3,UCEC
KMT2B,3,UCEC
MACF1,3,UCEC
MGA,3,UCEC
NFE2L2,3,UCEC
NOTCH2,3,UCEC
PDS5B,3,UCEC
PIK3R1,3,UCEC
ABL1,2,UCEC
APC,2,UCEC
APOB,2,UCEC
ARID5B,2,UCEC
ATF7IP,2,UCEC
BAP1,2,UCEC
BCOR,2,UCEC
BRCA2,2,UCEC
CIC,2,UCEC
CTNNB1,2,UCEC
CTNND1,2,UCEC
EP300,2,UCEC
FBXW7,2,UCEC
FGFR2,2,UCEC
HUWE1,2,UCEC
JAK1,2,UCEC
JAK3,2,UCEC
KDM5C,2,UCEC
KMT2D,2,UCEC
LATS2,2,UCEC
LZTR1,2,UCEC
MSH3,2,UCEC
MTOR,2,UCEC
MYC,2,UCEC
NF1,2,UCEC
NIPBL,2,UCEC
NOTCH1,2,UCEC
POLE,2,UCEC
PTCH1,2,UCEC
RASA1,2,UCEC
RIT1,2,UCEC
RNF43,2,UCEC
SMAD2,2,UCEC
SPTA1,2,UCEC
SPTAN1,2,UCEC
USP9X,2,UCEC
ACVR1,1,UCEC
ACVR1B,1,UCEC
ALK,1,UCEC
AMER1,1,UCEC
AR,1,UCEC
ASXL1,1,UCEC
ASXL2,1,UCEC
ATM,1,UCEC
ATR,1,UCEC
ATRX,1,UCEC
AXIN2,1,UCEC
BCL2L11,1,UCEC
BRAF,1,UCEC
BRCA1,1,UCEC
CARD11,1,UCEC
CCND1,1,UCEC
CCND2,1,UCEC
CDK12,1,UCEC
CDKN1A,1,UCEC
CDKN1B,1,UCEC
CHD4,1,UCEC
COL5A1,1,UCEC
CSDE1,1,UCEC
CUL3,1,UCEC
DDX3X,1,UCEC
DHX9,1,UCEC
DIAPH2,1,UCEC
DMD,1,UCEC
DNMT3A,1,UCEC
EGFR,1,UCEC
EGR3,1,UCEC
ELF3,1,UCEC
EPAS1,1,UCEC
EPHA2,1,UCEC
EPHA3,1,UCEC
ERBB3,1,UCEC
FGFR1,1,UCEC
FLNA,1,UCEC
FOXA2,1,UCEC
GABRA6,1,UCEC
GATA3,1,UCEC
GNA13,1,UCEC
GNAS,1,UCEC
GRIN2D,1,UCEC
HGF,1,UCEC
IDH2,1,UCEC
IGF1R,1,UCEC
INPPL1,1,UCEC
IRF2,1,UCEC
IRF6,1,UCEC
JAK2,1,UCEC
KANSL1,1,UCEC
KAT6A,1,UCEC
KDM6A,1,UCEC
KEAP1,1,UCEC
KEL,1,UCEC
KLF5,1,UCEC
KMT2A,1,UCEC
KMT2C,1,UCEC
KRAS,1,UCEC
MAP2K1,1,UCEC
MAP2K4,1,UCEC
MAP3K1,1,UCEC
MAP3K4,1,UCEC
MAPK1,1,UCEC
MAX,1,UCEC
MECOM,1,UCEC
MED12,1,UCEC
MSH6,1,UCEC
MUC6,1,UCEC
NF2,1,UCEC
NSD1,1,UCEC
NUP133,1,UCEC
NUP93,1,UCEC
PDGFRA,1,UCEC
PHF6,1,UCEC
PIK3CG,1,UCEC
PMS1,1,UCEC
POLQ,1,UCEC
PPP2R1A,1,UCEC
PTPDC1,1,UCEC
PTPN11,1,UCEC
PTPRC,1,UCEC
PTPRD,1,UCEC
RAD21,1,UCEC
RB1,1,UCEC
RBM10,1,UCEC
RFC1,1,UCEC
RHEB,1,UCEC
RHOA,1,UCEC
RNF111,1,UCEC
SCAF4,1,UCEC
SETBP1,1,UCEC
SETD2,1,UCEC
SF3B1,1,UCEC
SMARCA1,1,UCEC
SMARCB1,1,UCEC
SOS1,1,UCEC
SOX2,1,UCEC
SOX9,1,UCEC
SPOP,1,UCEC
STAG2,1,UCEC
TBL1XR1,1,UCEC
TBX3,1,UCEC
TERC,1,UCEC
TET2,1,UCEC
THRAP3,1,UCEC
TLR4,1,UCEC
TNFAIP3,1,UCEC
TP53,1,UCEC
TSC1,1,UCEC
TXNIP,1,UCEC
XPO1,1,UCEC
ZBTB20,1,UCEC
ZC3H12A,1,UCEC
ZMYM2,1,UCEC
ZMYM3,1,UCEC
ZNF133,1,UCEC
ZNF217,1,UCEC
TP53,34,UCS
FBXW7,15,UCS
MYC,14,UCS
PIK3CA,14,UCS
PPP2R1A,11,UCS
KAT6A,9,UCS
CCNE1,8,UCS
PTEN,8,UCS
RIT1,8,UCS
CHD4,7,UCS
KRAS,7,UCS
TERC,7,UCS
ARID1A,6,UCS
RB1,5,UCS
ERBB2,4,UCS
FGFR1,4,UCS
FGFR3,4,UCS
MCL1,4,UCS
PIK3R1,4,UCS
SOX2,4,UCS
ZBTB7B,4,UCS
ZNF217,4,UCS
ARHGAP35,3,UCS
BCOR,3,UCS
CCND2,3,UCS
ERBB3,3,UCS
ESR1,3,UCS
HUWE1,3,UCS
KAT6B,3,UCS
KDM6A,3,UCS
KMT2D,3,UCS
MED12,3,UCS
RNF43,3,UCS
TERT,3,UCS
ZNF703,3,UCS
BCL2L11,2,UCS
BRCA2,2,UCS
BRD4,2,UCS
CACNA1A,2,UCS
CREBBP,2,UCS
DMD,2,UCS
FLNA,2,UCS
FOXA2,2,UCS
GATA3,2,UCS
GATA6,2,UCS
KMT2C,2,UCS
MAP3K4,2,UCS
MDM2,2,UCS
MITF,2,UCS
NF1,2,UCS
NIPBL,2,UCS
PLXNB2,2,UCS
PTPRD,2,UCS
QKI,2,UCS
RASA1,2,UCS
SMAD4,2,UCS
SPOP,2,UCS
TAF1,2,UCS
ZFP36L1,2,UCS
ACVR1B,1,UCS
AMER1,1,UCS
APOB,1,UCS
CARD11,1,UCS
CD274,1,UCS
CDK4,1,UCS
CDK8,1,UCS
CDKN2A,1,UCS
CHEK2,1,UCS
CIC,1,UCS
CTCF,1,UCS
DHX9,1,UCS
DICER1,1,UCS
EP300,1,UCS
EPAS1,1,UCS
FGFR2,1,UCS
GABRA6,1,UCS
GATA4,1,UCS
HGF,1,UCS
HLA-B,1,UCS
IGF1R,1,UCS
IGF2,1,UCS
IL6ST,1,UCS
KIF1A,1,UCS
KMT2B,1,UCS
LATS2,1,UCS
LZTR1,1,UCS
MACF1,1,UCS
MAP3K1,1,UCS
MDM4,1,UCS
MEN1,1,UCS
MET,1,UCS
MSH6,1,UCS
MYH9,1,UCS
NOTCH1,1,UCS
NSD1,1,UCS
PBRM1,1,UCS
PGR,1,UCS
PIK3CG,1,UCS
PRKAR1A,1,UCS
RAC1,1,UCS
RFC1,1,UCS
RNF111,1,UCS
RRAS2,1,UCS
SAV1,1,UCS
SF3B1,1,UCS
SMARCA4,1,UCS
SMC1A,1,UCS
SPTA1,1,UCS
TET2,1,UCS
TNFAIP3,1,UCS
XPO1,1,UCS
YAP1,1,UCS
ZFHX3,1,UCS
ZFP36L2,1,UCS
GNAQ,22,UVM
GNA11,20,UVM
MYC,13,UVM
BAP1,10,UVM
SF3B1,9,UVM
EIF1AX,6,UVM
KDM6A,2,UVM
MACF1,2,UVM
PLCB4,2,UVM
ATF7IP,1,UVM
ATRX,1,UVM
BRCA2,1,UVM
COL5A1,1,UVM
CYLD,1,UVM
CYSLTR2,1,UVM
EP300,1,UVM
ESR1,1,UVM
FBXW7,1,UVM
FGFR3,1,UVM
HUWE1,1,UVM
KMT2D,1,UVM
MED12,1,UVM
MEN1,1,UVM
NSD1,1,UVM
PDGFRA,1,UVM
PDS5B,1,UVM
RET,1,UVM
RNF43,1,UVM
RUNX1,1,UVM
SMARCA4,1,UVM
SMC1A,1,UVM
SPTA1,1,UVM
ZBTB7B,1,UVM
ZNF217,1,UVM
